relation	column	type	version
aggregate	aggbasetype	oid	7.1,7.2
aggregate	aggcombinefn	regproc	9.6,10,11,12,13
aggregate	aggdeserialfn	regproc	9.6,10,11,12,13
aggregate	aggfinalextra	bool	9.4,9.5,9.6,10,11,12,13
aggregate	aggfinalfn	regproc	7.3,7.4,8.0,8.1,8.2,8.3,8.4,9.0,9.1,9.2,9.3,9.4,9.5,9.6,10,11,12,13
aggregate	aggfinalfn	regproc (function)	7.1,7.2
aggregate	aggfinalmodify	char	11,12,13
aggregate	aggfinaltype	oid	7.1,7.2
aggregate	aggfnoid	regproc	7.3,7.4,8.0,8.1,8.2,8.3,8.4,9.0,9.1,9.2,9.3,9.4,9.5,9.6,10,11,12,13
aggregate	agginitval	text	7.1,7.2,7.3,7.4,8.0,8.1,8.2,8.3,8.4,9.0,9.1,9.2,9.3,9.4,9.5,9.6,10,11,12,13
aggregate	aggkind	char	9.4,9.5,9.6,10,11,12,13
aggregate	aggmfinalextra	bool	9.4,9.5,9.6,10,11,12,13
aggregate	aggmfinalfn	regproc	9.4,9.5,9.6,10,11,12,13
aggregate	aggmfinalmodify	char	11,12,13
aggregate	aggminitval	text	9.4,9.5,9.6,10,11,12,13
aggregate	aggminvtransfn	regproc	9.4,9.5,9.6,10,11,12,13
aggregate	aggmtransfn	regproc	9.4,9.5,9.6,10,11,12,13
aggregate	aggmtransspace	int4	9.4,9.5,9.6,10,11,12,13
aggregate	aggmtranstype	oid	9.4,9.5,9.6,10,11,12,13
aggregate	aggname	name	7.1,7.2
aggregate	aggnumdirectargs	int2	9.4,9.5,9.6,10,11,12,13
aggregate	aggowner	int4	7.1,7.2
aggregate	aggserialfn	regproc	9.6,10,11,12,13
aggregate	aggsortop	oid	8.1,8.2,8.3,8.4,9.0,9.1,9.2,9.3,9.4,9.5,9.6,10,11,12,13
aggregate	aggtransfn	regproc	7.3,7.4,8.0,8.1,8.2,8.3,8.4,9.0,9.1,9.2,9.3,9.4,9.5,9.6,10,11,12,13
aggregate	aggtransfn	regproc (function)	7.1,7.2
aggregate	aggtransspace	int4	9.4,9.5,9.6,10,11,12,13
aggregate	aggtranstype	oid	7.1,7.2,7.3,7.4,8.0,8.1,8.2,8.3,8.4,9.0,9.1,9.2,9.3,9.4,9.5,9.6,10,11,12,13
am	ambeginscan	regproc	7.3,7.4,8.0,8.1,8.2,8.3,8.4,9.0,9.1,9.2,9.3,9.4,9.5
am	ambuild	regproc	7.3,7.4,8.0,8.1,8.2,8.3,8.4,9.0,9.1,9.2,9.3,9.4,9.5
am	ambuildempty	regproc	9.1,9.2,9.3,9.4,9.5
am	ambulkdelete	regproc	7.3,7.4,8.0,8.1,8.2,8.3,8.4,9.0,9.1,9.2,9.3,9.4,9.5
am	amcanbackward	bool	8.4,9.0,9.1,9.2,9.3,9.4,9.5
am	amcanmulticol	bool	7.3,7.4,8.0,8.1,8.2,8.3,8.4,9.0,9.1,9.2,9.3,9.4,9.5
am	amcanorder	bool	8.3,8.4,9.0,9.1,9.2,9.3,9.4,9.5
am	amcanorderbyop	bool	9.1,9.2,9.3,9.4,9.5
am	amcanreturn	regproc	9.2,9.3,9.4,9.5
am	amcanunique	bool	7.3,7.4,8.0,8.1,8.2,8.3,8.4,9.0,9.1,9.2,9.3,9.4,9.5
am	amclusterable	bool	8.2,8.3,8.4,9.0,9.1,9.2,9.3,9.4,9.5
am	amconcurrent	bool	7.3,7.4,8.0,8.1
am	amcostestimate	regproc	7.3,7.4,8.0,8.1,8.2,8.3,8.4,9.0,9.1,9.2,9.3,9.4,9.5
am	amendscan	regproc	7.3,7.4,8.0,8.1,8.2,8.3,8.4,9.0,9.1,9.2,9.3,9.4,9.5
am	amgetbitmap	regproc	8.4,9.0,9.1,9.2,9.3,9.4,9.5
am	amgetmulti	regproc	8.1,8.2,8.3
am	amgettuple	regproc	7.3,7.4,8.0,8.1,8.2,8.3,8.4,9.0,9.1,9.2,9.3,9.4,9.5
am	amhandler	regproc	9.6,10,11,12,13
am	amindexnulls	bool	7.3,7.4,8.0,8.1,8.2,8.3,8.4,9.0
am	aminsert	regproc	7.3,7.4,8.0,8.1,8.2,8.3,8.4,9.0,9.1,9.2,9.3,9.4,9.5
am	amkeytype	oid	8.4,9.0,9.1,9.2,9.3,9.4,9.5
am	ammarkpos	regproc	7.3,7.4,8.0,8.1,8.2,8.3,8.4,9.0,9.1,9.2,9.3,9.4,9.5
am	amname	name	7.3,7.4,8.0,8.1,8.2,8.3,8.4,9.0,9.1,9.2,9.3,9.4,9.5,9.6,10,11,12,13
am	amoptionalkey	bool	8.1,8.2,8.3,8.4,9.0,9.1,9.2,9.3,9.4,9.5
am	amoptions	regproc	8.2,8.3,8.4,9.0,9.1,9.2,9.3,9.4,9.5
am	amorderstrategy	int2	7.3,7.4,8.0,8.1,8.2
am	amowner	int4	7.3,7.4,8.0
am	ampredlocks	bool	9.1,9.2,9.3,9.4,9.5
am	amrescan	regproc	7.3,7.4,8.0,8.1,8.2,8.3,8.4,9.0,9.1,9.2,9.3,9.4,9.5
am	amrestrpos	regproc	7.3,7.4,8.0,8.1,8.2,8.3,8.4,9.0,9.1,9.2,9.3,9.4,9.5
am	amsearcharray	bool	9.2,9.3,9.4,9.5
am	amsearchnulls	bool	8.3,8.4,9.0,9.1,9.2,9.3,9.4,9.5
am	amstorage	bool	8.2,8.3,8.4,9.0,9.1,9.2,9.3,9.4,9.5
am	amstrategies	int2	7.3,7.4,8.0,8.1,8.2,8.3,8.4,9.0,9.1,9.2,9.3,9.4,9.5
am	amsupport	int2	7.3,7.4,8.0,8.1,8.2,8.3,8.4,9.0,9.1,9.2,9.3,9.4,9.5
am	amtype	char	9.6,10,11,12,13
am	amvacuumcleanup	regproc	7.4,8.0,8.1,8.2,8.3,8.4,9.0,9.1,9.2,9.3,9.4,9.5
am	oid	oid	9.3,9.4,9.5,9.6,10,11,12,13
amop	amopclaid	oid	7.3,7.4,8.0,8.1,8.2
amop	amopfamily	oid	8.3,8.4,9.0,9.1,9.2,9.3,9.4,9.5,9.6,10,11,12,13
amop	amoplefttype	oid	8.3,8.4,9.0,9.1,9.2,9.3,9.4,9.5,9.6,10,11,12,13
amop	amopmethod	oid	8.3,8.4,9.0,9.1,9.2,9.3,9.4,9.5,9.6,10,11,12,13
amop	amopopr	oid	7.3,7.4,8.0,8.1,8.2,8.3,8.4,9.0,9.1,9.2,9.3,9.4,9.5,9.6,10,11,12,13
amop	amoppurpose	char	9.1,9.2,9.3,9.4,9.5,9.6,10,11,12,13
amop	amopreqcheck	bool	7.3,7.4,8.0,8.1,8.2,8.3
amop	amoprighttype	oid	8.3,8.4,9.0,9.1,9.2,9.3,9.4,9.5,9.6,10,11,12,13
amop	amopsortfamily	oid	9.1,9.2,9.3,9.4,9.5,9.6,10,11,12,13
amop	amopstrategy	int2	7.3,7.4,8.0,8.1,8.2,8.3,8.4,9.0,9.1,9.2,9.3,9.4,9.5,9.6,10,11,12,13
amop	amopsubtype	oid	8.0,8.1,8.2
amop	oid	oid	9.3,9.4,9.5,9.6,10,11,12,13
amproc	amopclaid	oid	7.3,7.4,8.0,8.1,8.2
amproc	amproc	regproc	7.3,7.4,8.0,8.1,8.2,8.3,8.4,9.0,9.1,9.2,9.3,9.4,9.5,9.6,10,11,12,13
amproc	amprocfamily	oid	8.3,8.4,9.0,9.1,9.2,9.3,9.4,9.5,9.6,10,11,12,13
amproc	amproclefttype	oid	8.3,8.4,9.0,9.1,9.2,9.3,9.4,9.5,9.6,10,11,12,13
amproc	amprocnum	int2	7.3,7.4,8.0,8.1,8.2,8.3,8.4,9.0,9.1,9.2,9.3,9.4,9.5,9.6,10,11,12,13
amproc	amprocrighttype	oid	8.3,8.4,9.0,9.1,9.2,9.3,9.4,9.5,9.6,10,11,12,13
amproc	amprocsubtype	oid	8.0,8.1,8.2
amproc	oid	oid	9.3,9.4,9.5,9.6,10,11,12,13
attrdef	adbin	pg_node_tree	9.1,9.2,9.3,9.4,9.5,9.6,10,11,12,13
attrdef	adbin	text	7.1,7.2,7.3,7.4,8.0,8.1,8.2,8.3,8.4,9.0
attrdef	adnum	int2	7.1,7.2,7.3,7.4,8.0,8.1,8.2,8.3,8.4,9.0,9.1,9.2,9.3,9.4,9.5,9.6,10,11,12,13
attrdef	adrelid	oid	7.1,7.2,7.3,7.4,8.0,8.1,8.2,8.3,8.4,9.0,9.1,9.2,9.3,9.4,9.5,9.6,10,11,12,13
attrdef	adsrc	text	7.1,7.2,7.3,7.4,8.0,8.1,8.2,8.3,8.4,9.0,9.1,9.2,9.3,9.4,9.5,9.6,10,11
attrdef	oid	oid	9.3,9.4,9.5,9.6,10,11,12,13
attribute	attacl	aclitem[]	8.4,9.0,9.1,9.2,9.3,9.4,9.5,9.6,10,11,12,13
attribute	attalign	char	7.1,7.2,7.3,7.4,8.0,8.1,8.2,8.3,8.4,9.0,9.1,9.2,9.3,9.4,9.5,9.6,10,11,12,13
attribute	attbyval	bool	7.1,7.2,7.3,7.4,8.0,8.1,8.2,8.3,8.4,9.0,9.1,9.2,9.3,9.4,9.5,9.6,10,11,12,13
attribute	attcacheoff	int4	7.1,7.2,7.3,7.4,8.0,8.1,8.2,8.3,8.4,9.0,9.1,9.2,9.3,9.4,9.5,9.6,10,11,12,13
attribute	attcollation	oid	9.1,9.2,9.3,9.4,9.5,9.6,10,11,12,13
attribute	attdispersion	float4	7.1
attribute	attfdwoptions	text[]	9.2,9.3,9.4,9.5,9.6,10,11,12,13
attribute	attgenerated	char	12,13
attribute	atthasdef	bool	7.1,7.2,7.3,7.4,8.0,8.1,8.2,8.3,8.4,9.0,9.1,9.2,9.3,9.4,9.5,9.6,10,11,12,13
attribute	atthasmissing	bool	11,12,13
attribute	attidentity	char	10,11,12,13
attribute	attinhcount	int4	7.3,7.4,8.0,8.1,8.2,8.3,8.4,9.0,9.1,9.2,9.3,9.4,9.5,9.6,10,11,12,13
attribute	attisdropped	bool	7.3,7.4,8.0,8.1,8.2,8.3,8.4,9.0,9.1,9.2,9.3,9.4,9.5,9.6,10,11,12,13
attribute	attislocal	bool	7.3,7.4,8.0,8.1,8.2,8.3,8.4,9.0,9.1,9.2,9.3,9.4,9.5,9.6,10,11,12,13
attribute	attisset	bool	7.1,7.2,7.3,7.4
attribute	attlen	int2	7.1,7.2,7.3,7.4,8.0,8.1,8.2,8.3,8.4,9.0,9.1,9.2,9.3,9.4,9.5,9.6,10,11,12,13
attribute	attmissingval	anyarray	11,12,13
attribute	attname	name	7.1,7.2,7.3,7.4,8.0,8.1,8.2,8.3,8.4,9.0,9.1,9.2,9.3,9.4,9.5,9.6,10,11,12,13
attribute	attndims	int4	7.2,7.3,7.4,8.0,8.1,8.2,8.3,8.4,9.0,9.1,9.2,9.3,9.4,9.5,9.6,10,11,12,13
attribute	attnelems	int4	7.1
attribute	attnotnull	bool	7.1,7.2,7.3,7.4,8.0,8.1,8.2,8.3,8.4,9.0,9.1,9.2,9.3,9.4,9.5,9.6,10,11,12,13
attribute	attnum	int2	7.1,7.2,7.3,7.4,8.0,8.1,8.2,8.3,8.4,9.0,9.1,9.2,9.3,9.4,9.5,9.6,10,11,12,13
attribute	attoptions	text[]	9.0,9.1,9.2,9.3,9.4,9.5,9.6,10,11,12,13
attribute	attrelid	oid	7.1,7.2,7.3,7.4,8.0,8.1,8.2,8.3,8.4,9.0,9.1,9.2,9.3,9.4,9.5,9.6,10,11,12,13
attribute	attstattarget	int4	7.2,7.3,7.4,8.0,8.1,8.2,8.3,8.4,9.0,9.1,9.2,9.3,9.4,9.5,9.6,10,11,12,13
attribute	attstorage	char	7.1,7.2,7.3,7.4,8.0,8.1,8.2,8.3,8.4,9.0,9.1,9.2,9.3,9.4,9.5,9.6,10,11,12,13
attribute	atttypid	oid	7.1,7.2,7.3,7.4,8.0,8.1,8.2,8.3,8.4,9.0,9.1,9.2,9.3,9.4,9.5,9.6,10,11,12,13
attribute	atttypmod	int4	7.1,7.2,7.3,7.4,8.0,8.1,8.2,8.3,8.4,9.0,9.1,9.2,9.3,9.4,9.5,9.6,10,11,12,13
auth_members	admin_option	bool	8.1,8.2,8.3,8.4,9.0,9.1,9.2,9.3,9.4,9.5,9.6,10,11,12,13
auth_members	grantor	oid	8.1,8.2,8.3,8.4,9.0,9.1,9.2,9.3,9.4,9.5,9.6,10,11,12,13
auth_members	member	oid	8.1,8.2,8.3,8.4,9.0,9.1,9.2,9.3,9.4,9.5,9.6,10,11,12,13
auth_members	roleid	oid	8.1,8.2,8.3,8.4,9.0,9.1,9.2,9.3,9.4,9.5,9.6,10,11,12,13
authid	oid	oid	9.3,9.4,9.5,9.6,10,11,12,13
authid	rolbypassrls	bool	9.5,9.6,10,11,12,13
authid	rolcanlogin	bool	8.1,8.2,8.3,8.4,9.0,9.1,9.2,9.3,9.4,9.5,9.6,10,11,12,13
authid	rolcatupdate	bool	8.1,8.2,8.3,8.4,9.0,9.1,9.2,9.3,9.4
authid	rolconfig	text[]	8.1,8.2,8.3,8.4
authid	rolconnlimit	int4	8.1,8.2,8.3,8.4,9.0,9.1,9.2,9.3,9.4,9.5,9.6,10,11,12,13
authid	rolcreatedb	bool	8.1,8.2,8.3,8.4,9.0,9.1,9.2,9.3,9.4,9.5,9.6,10,11,12,13
authid	rolcreaterole	bool	8.1,8.2,8.3,8.4,9.0,9.1,9.2,9.3,9.4,9.5,9.6,10,11,12,13
authid	rolinherit	bool	8.1,8.2,8.3,8.4,9.0,9.1,9.2,9.3,9.4,9.5,9.6,10,11,12,13
authid	rolname	name	8.1,8.2,8.3,8.4,9.0,9.1,9.2,9.3,9.4,9.5,9.6,10,11,12,13
authid	rolpassword	text	8.1,8.2,8.3,8.4,9.0,9.1,9.2,9.3,9.4,9.5,9.6,10,11,12,13
authid	rolreplication	bool	9.1,9.2,9.3,9.4,9.5,9.6,10,11,12,13
authid	rolsuper	bool	8.1,8.2,8.3,8.4,9.0,9.1,9.2,9.3,9.4,9.5,9.6,10,11,12,13
authid	rolvaliduntil	timestamptz	8.1,8.2,8.3,8.4,9.0,9.1,9.2,9.3,9.4,9.5,9.6,10,11,12,13
autovacuum	anl_base_thresh	integer	8.1,8.2,8.3
autovacuum	anl_scale_factor	float4	8.1,8.2,8.3
autovacuum	enabled	bool	8.1,8.2,8.3
autovacuum	freeze_max_age	integer	8.2,8.3
autovacuum	freeze_min_age	integer	8.2,8.3
autovacuum	vac_base_thresh	integer	8.1,8.2,8.3
autovacuum	vac_cost_delay	integer	8.1,8.2,8.3
autovacuum	vac_cost_limit	integer	8.1,8.2,8.3
autovacuum	vac_scale_factor	float4	8.1,8.2,8.3
autovacuum	vacrelid	oid	8.1,8.2,8.3
available_extension-versions	comment	text	9.1,9.2,9.3,9.4,9.5,9.6,10,11,12,13
available_extension-versions	installed	bool	9.1,9.2,9.3,9.4,9.5,9.6,10,11,12,13
available_extension-versions	name	name	9.1,9.2,9.3,9.4,9.5,9.6,10,11,12,13
available_extension-versions	relocatable	bool	9.1,9.2,9.3,9.4,9.5,9.6,10,11,12,13
available_extension-versions	requires	name[]	9.1,9.2,9.3,9.4,9.5,9.6,10,11,12,13
available_extension-versions	schema	name	9.1,9.2,9.3,9.4,9.5,9.6,10,11,12,13
available_extension-versions	superuser	bool	9.1,9.2,9.3,9.4,9.5,9.6,10,11,12,13
available_extension-versions	trusted	bool	13
available_extension-versions	version	text	9.1,9.2,9.3,9.4,9.5,9.6,10,11,12,13
available_extensions	comment	text	9.1,9.2,9.3,9.4,9.5,9.6,10,11,12,13
available_extensions	default_version	text	9.1,9.2,9.3,9.4,9.5,9.6,10,11,12,13
available_extensions	installed_version	text	9.1,9.2,9.3,9.4,9.5,9.6,10,11,12,13
available_extensions	name	name	9.1,9.2,9.3,9.4,9.5,9.6,10,11,12,13
cast	castcontext	char	7.3,7.4,8.0,8.1,8.2,8.3,8.4,9.0,9.1,9.2,9.3,9.4,9.5,9.6,10,11,12,13
cast	castfunc	oid	7.3,7.4,8.0,8.1,8.2,8.3,8.4,9.0,9.1,9.2,9.3,9.4,9.5,9.6,10,11,12,13
cast	castmethod	char	8.4,9.0,9.1,9.2,9.3,9.4,9.5,9.6,10,11,12,13
cast	castsource	oid	7.3,7.4,8.0,8.1,8.2,8.3,8.4,9.0,9.1,9.2,9.3,9.4,9.5,9.6,10,11,12,13
cast	casttarget	oid	7.3,7.4,8.0,8.1,8.2,8.3,8.4,9.0,9.1,9.2,9.3,9.4,9.5,9.6,10,11,12,13
cast	oid	oid	9.3,9.4,9.5,9.6,10,11,12,13
class	oid	oid	9.3,9.4,9.5,9.6,10,11,12,13
class	relacl	aclitem[]	7.1,7.2,7.3,7.4,8.0,8.1,8.2,8.3,8.4,9.0,9.1,9.2,9.3,9.4,9.5,9.6,10,11,12,13
class	relallvisible	int4	9.2,9.3,9.4,9.5,9.6,10,11,12,13
class	relam	oid	7.1,7.2,7.3,7.4,8.0,8.1,8.2,8.3,8.4,9.0,9.1,9.2,9.3,9.4,9.5,9.6,10,11,12,13
class	relchecks	int2	7.1,7.2,7.3,7.4,8.0,8.1,8.2,8.3,8.4,9.0,9.1,9.2,9.3,9.4,9.5,9.6,10,11,12,13
class	relfilenode	oid	7.1,7.2,7.3,7.4,8.0,8.1,8.2,8.3,8.4,9.0,9.1,9.2,9.3,9.4,9.5,9.6,10,11,12,13
class	relfkeys	int2	7.1,7.2,7.3,7.4,8.0,8.1,8.2,8.3
class	relforcerowsecurity	bool	9.5,9.6,10,11,12,13
class	relfrozenxid	xid	8.2,8.3,8.4,9.0,9.1,9.2,9.3,9.4,9.5,9.6,10,11,12,13
class	relhasexclusion	bool	9.0
class	relhasindex	bool	7.1,7.2,7.3,7.4,8.0,8.1,8.2,8.3,8.4,9.0,9.1,9.2,9.3,9.4,9.5,9.6,10,11,12,13
class	relhasoids	bool	7.2,7.3,7.4,8.0,8.1,8.2,8.3,8.4,9.0,9.1,9.2,9.3,9.4,9.5,9.6,10,11
class	relhaspkey	bool	7.1,7.2,7.3,7.4,8.0,8.1,8.2,8.3,8.4,9.0,9.1,9.2,9.3,9.4,9.5,9.6,10
class	relhasrules	bool	7.1,7.2,7.3,7.4,8.0,8.1,8.2,8.3,8.4,9.0,9.1,9.2,9.3,9.4,9.5,9.6,10,11,12,13
class	relhassubclass	bool	7.1,7.2,7.3,7.4,8.0,8.1,8.2,8.3,8.4,9.0,9.1,9.2,9.3,9.4,9.5,9.6,10,11,12,13
class	relhastriggers	bool	8.4,9.0,9.1,9.2,9.3,9.4,9.5,9.6,10,11,12,13
class	relispartition	bool	10,11,12,13
class	relispopulated	bool	9.3,9.4,9.5,9.6,10,11,12,13
class	relisshared	bool	7.1,7.2,7.3,7.4,8.0,8.1,8.2,8.3,8.4,9.0,9.1,9.2,9.3,9.4,9.5,9.6,10,11,12,13
class	relistemp	bool	8.4,9.0
class	relkind	char	7.1,7.2,7.3,7.4,8.0,8.1,8.2,8.3,8.4,9.0,9.1,9.2,9.3,9.4,9.5,9.6,10,11,12,13
class	relminmxid	xid	9.3,9.4,9.5,9.6,10,11,12,13
class	relname	name	7.1,7.2,7.3,7.4,8.0,8.1,8.2,8.3,8.4,9.0,9.1,9.2,9.3,9.4,9.5,9.6,10,11,12,13
class	relnamespace	oid	7.3,7.4,8.0,8.1,8.2,8.3,8.4,9.0,9.1,9.2,9.3,9.4,9.5,9.6,10,11,12,13
class	relnatts	int2	7.1,7.2,7.3,7.4,8.0,8.1,8.2,8.3,8.4,9.0,9.1,9.2,9.3,9.4,9.5,9.6,10,11,12,13
class	reloftype	oid	9.0,9.1,9.2,9.3,9.4,9.5,9.6,10,11,12,13
class	reloptions	text[]	8.2,8.3,8.4,9.0,9.1,9.2,9.3,9.4,9.5,9.6,10,11,12,13
class	relowner	int4	7.1,7.2,7.3,7.4,8.0
class	relowner	oid	8.1,8.2,8.3,8.4,9.0,9.1,9.2,9.3,9.4,9.5,9.6,10,11,12,13
class	relpages	int4	7.1,7.2,7.3,7.4,8.0,8.1,8.2,8.3,8.4,9.0,9.1,9.2,9.3,9.4,9.5,9.6,10,11,12,13
class	relpartbound	pg_node_tree	10,11,12,13
class	relpersistence	char	9.1,9.2,9.3,9.4,9.5,9.6,10,11,12,13
class	relrefs	int2	7.2,7.3,7.4,8.0,8.1,8.2,8.3
class	relreplident	char	9.4,9.5,9.6,10,11,12,13
class	relrewrite	oid	11,12,13
class	relrowsecurity	bool	9.5,9.6,10,11,12,13
class	reltablespace	oid	8.0,8.1,8.2,8.3,8.4,9.0,9.1,9.2,9.3,9.4,9.5,9.6,10,11,12,13
class	reltoastidxid	oid	7.1,7.2,7.3,7.4,8.0,8.1,8.2,8.3,8.4,9.0,9.1,9.2,9.3
class	reltoastrelid	oid	7.1,7.2,7.3,7.4,8.0,8.1,8.2,8.3,8.4,9.0,9.1,9.2,9.3,9.4,9.5,9.6,10,11,12,13
class	reltriggers	int2	7.1,7.2,7.3,7.4,8.0,8.1,8.2,8.3
class	reltuples	float4	7.2,7.3,7.4,8.0,8.1,8.2,8.3,8.4,9.0,9.1,9.2,9.3,9.4,9.5,9.6,10,11,12,13
class	reltuples	int4	7.1
class	reltype	oid	7.1,7.2,7.3,7.4,8.0,8.1,8.2,8.3,8.4,9.0,9.1,9.2,9.3,9.4,9.5,9.6,10,11,12,13
class	relukeys	int2	7.1,7.2,7.3,7.4,8.0,8.1,8.2,8.3
collation	collcollate	name	9.1,9.2,9.3,9.4,9.5,9.6,10,11,12,13
collation	collctype	name	9.1,9.2,9.3,9.4,9.5,9.6,10,11,12,13
collation	collencoding	int4	9.1,9.2,9.3,9.4,9.5,9.6,10,11,12,13
collation	collisdeterministic	bool	12,13
collation	collname	name	9.1,9.2,9.3,9.4,9.5,9.6,10,11,12,13
collation	collnamespace	oid	9.1,9.2,9.3,9.4,9.5,9.6,10,11,12,13
collation	collowner	oid	9.1,9.2,9.3,9.4,9.5,9.6,10,11,12,13
collation	collprovider	char	10,11,12,13
collation	collversion	text	10,11,12,13
collation	oid	oid	9.3,9.4,9.5,9.6,10,11,12,13
config	name	text	9.6,10,11,12,13
config	setting	text	9.6,10,11,12,13
constraint	conbin	pg_node_tree	9.1,9.2,9.3,9.4,9.5,9.6,10,11,12,13
constraint	conbin	text	7.3,7.4,8.0,8.1,8.2,8.3,8.4,9.0
constraint	condeferrable	bool	7.4,8.0,8.1,8.2,8.3,8.4,9.0,9.1,9.2,9.3,9.4,9.5,9.6,10,11,12,13
constraint	condeferrable	boolean	7.3
constraint	condeferred	bool	7.4,8.0,8.1,8.2,8.3,8.4,9.0,9.1,9.2,9.3,9.4,9.5,9.6,10,11,12,13
constraint	condeferred	boolean	7.3
constraint	conexclop	oid[]	9.0,9.1,9.2,9.3,9.4,9.5,9.6,10,11,12,13
constraint	confdeltype	char	7.3,7.4,8.0,8.1,8.2,8.3,8.4,9.0,9.1,9.2,9.3,9.4,9.5,9.6,10,11,12,13
constraint	conffeqop	oid[]	8.3,8.4,9.0,9.1,9.2,9.3,9.4,9.5,9.6,10,11,12,13
constraint	confkey	int2[]	7.3,7.4,8.0,8.1,8.2,8.3,8.4,9.0,9.1,9.2,9.3,9.4,9.5,9.6,10,11,12,13
constraint	confmatchtype	char	7.3,7.4,8.0,8.1,8.2,8.3,8.4,9.0,9.1,9.2,9.3,9.4,9.5,9.6,10,11,12,13
constraint	confrelid	oid	7.3,7.4,8.0,8.1,8.2,8.3,8.4,9.0,9.1,9.2,9.3,9.4,9.5,9.6,10,11,12,13
constraint	confupdtype	char	7.3,7.4,8.0,8.1,8.2,8.3,8.4,9.0,9.1,9.2,9.3,9.4,9.5,9.6,10,11,12,13
constraint	conindid	oid	9.0,9.1,9.2,9.3,9.4,9.5,9.6,10,11,12,13
constraint	coninhcount	int4	8.4,9.0,9.1,9.2,9.3,9.4,9.5,9.6,10,11,12,13
constraint	conislocal	bool	8.4,9.0,9.1,9.2,9.3,9.4,9.5,9.6,10,11,12,13
constraint	conkey	int2[]	7.3,7.4,8.0,8.1,8.2,8.3,8.4,9.0,9.1,9.2,9.3,9.4,9.5,9.6,10,11,12,13
constraint	conname	name	7.3,7.4,8.0,8.1,8.2,8.3,8.4,9.0,9.1,9.2,9.3,9.4,9.5,9.6,10,11,12,13
constraint	connamespace	oid	7.3,7.4,8.0,8.1,8.2,8.3,8.4,9.0,9.1,9.2,9.3,9.4,9.5,9.6,10,11,12,13
constraint	connoinherit	bool	9.2,9.3,9.4,9.5,9.6,10,11,12,13
constraint	conparentid	oid	11,12,13
constraint	conpfeqop	oid[]	8.3,8.4,9.0,9.1,9.2,9.3,9.4,9.5,9.6,10,11,12,13
constraint	conppeqop	oid[]	8.3,8.4,9.0,9.1,9.2,9.3,9.4,9.5,9.6,10,11,12,13
constraint	conrelid	oid	7.3,7.4,8.0,8.1,8.2,8.3,8.4,9.0,9.1,9.2,9.3,9.4,9.5,9.6,10,11,12,13
constraint	consrc	text	7.3,7.4,8.0,8.1,8.2,8.3,8.4,9.0,9.1,9.2,9.3,9.4,9.5,9.6,10,11
constraint	contype	char	7.3,7.4,8.0,8.1,8.2,8.3,8.4,9.0,9.1,9.2,9.3,9.4,9.5,9.6,10,11,12,13
constraint	contypid	oid	7.3,7.4,8.0,8.1,8.2,8.3,8.4,9.0,9.1,9.2,9.3,9.4,9.5,9.6,10,11,12,13
constraint	convalidated	bool	9.1,9.2,9.3,9.4,9.5,9.6,10,11,12,13
constraint	oid	oid	9.3,9.4,9.5,9.6,10,11,12,13
conversion	condefault	bool	7.4,8.0,8.1,8.2,8.3,8.4,9.0,9.1,9.2,9.3,9.4,9.5,9.6,10,11,12,13
conversion	condefault	boolean	7.3
conversion	conforencoding	int4	7.3,7.4,8.0,8.1,8.2,8.3,8.4,9.0,9.1,9.2,9.3,9.4,9.5,9.6,10,11,12,13
conversion	conname	name	7.3,7.4,8.0,8.1,8.2,8.3,8.4,9.0,9.1,9.2,9.3,9.4,9.5,9.6,10,11,12,13
conversion	connamespace	oid	7.3,7.4,8.0,8.1,8.2,8.3,8.4,9.0,9.1,9.2,9.3,9.4,9.5,9.6,10,11,12,13
conversion	conowner	int4	7.3,7.4,8.0
conversion	conowner	oid	8.1,8.2,8.3,8.4,9.0,9.1,9.2,9.3,9.4,9.5,9.6,10,11,12,13
conversion	conproc	regproc	7.3,7.4,8.0,8.1,8.2,8.3,8.4,9.0,9.1,9.2,9.3,9.4,9.5,9.6,10,11,12,13
conversion	contoencoding	int4	7.3,7.4,8.0,8.1,8.2,8.3,8.4,9.0,9.1,9.2,9.3,9.4,9.5,9.6,10,11,12,13
conversion	oid	oid	9.3,9.4,9.5,9.6,10,11,12,13
cursors	creation_time	timestamptz	8.2,8.3,8.4,9.0,9.1,9.2,9.3,9.4,9.5,9.6,10,11,12,13
cursors	is_binary	bool	13
cursors	is_binary	boolean	8.2,8.3,8.4,9.0,9.1,9.2,9.3,9.4,9.5,9.6,10,11,12
cursors	is_holdable	bool	13
cursors	is_holdable	boolean	8.2,8.3,8.4,9.0,9.1,9.2,9.3,9.4,9.5,9.6,10,11,12
cursors	is_scrollable	bool	13
cursors	is_scrollable	boolean	8.2,8.3,8.4,9.0,9.1,9.2,9.3,9.4,9.5,9.6,10,11,12
cursors	name	text	8.2,8.3,8.4,9.0,9.1,9.2,9.3,9.4,9.5,9.6,10,11,12,13
cursors	statement	text	8.2,8.3,8.4,9.0,9.1,9.2,9.3,9.4,9.5,9.6,10,11,12,13
database	datacl	aclitem[]	7.3,7.4,8.0,8.1,8.2,8.3,8.4,9.0,9.1,9.2,9.3,9.4,9.5,9.6,10,11,12,13
database	datallowconn	bool	7.1,7.2,7.3,7.4,8.0,8.1,8.2,8.3,8.4,9.0,9.1,9.2,9.3,9.4,9.5,9.6,10,11,12,13
database	datcollate	name	8.4,9.0,9.1,9.2,9.3,9.4,9.5,9.6,10,11,12,13
database	datconfig	text[]	7.3,7.4,8.0,8.1,8.2,8.3,8.4
database	datconnlimit	int4	8.1,8.2,8.3,8.4,9.0,9.1,9.2,9.3,9.4,9.5,9.6,10,11,12,13
database	datctype	name	8.4,9.0,9.1,9.2,9.3,9.4,9.5,9.6,10,11,12,13
database	datdba	int4	7.1,7.2,7.3,7.4,8.0
database	datdba	oid	8.1,8.2,8.3,8.4,9.0,9.1,9.2,9.3,9.4,9.5,9.6,10,11,12,13
database	datfrozenxid	xid	7.2,7.3,7.4,8.0,8.1,8.2,8.3,8.4,9.0,9.1,9.2,9.3,9.4,9.5,9.6,10,11,12,13
database	datistemplate	bool	7.1,7.2,7.3,7.4,8.0,8.1,8.2,8.3,8.4,9.0,9.1,9.2,9.3,9.4,9.5,9.6,10,11,12,13
database	datlastsysoid	oid	7.1,7.2,7.3,7.4,8.0,8.1,8.2,8.3,8.4,9.0,9.1,9.2,9.3,9.4,9.5,9.6,10,11,12,13
database	datminmxid	xid	9.3,9.4,9.5,9.6,10,11,12,13
database	datname	name	7.1,7.2,7.3,7.4,8.0,8.1,8.2,8.3,8.4,9.0,9.1,9.2,9.3,9.4,9.5,9.6,10,11,12,13
database	datpath	text	7.1,7.2,7.3,7.4
database	dattablespace	oid	8.0,8.1,8.2,8.3,8.4,9.0,9.1,9.2,9.3,9.4,9.5,9.6,10,11,12,13
database	datvacuumxid	xid	7.2,7.3,7.4,8.0,8.1
database	encoding	int4	7.1,7.2,7.3,7.4,8.0,8.1,8.2,8.3,8.4,9.0,9.1,9.2,9.3,9.4,9.5,9.6,10,11,12,13
database	oid	oid	9.3,9.4,9.5,9.6,10,11,12,13
db_role-setting	setconfig	text[]	9.0,9.1,9.2,9.3,9.4,9.5,9.6,10,11,12,13
db_role-setting	setdatabase	oid	9.0,9.1,9.2,9.3,9.4,9.5,9.6,10,11,12,13
db_role-setting	setrole	oid	9.0,9.1,9.2,9.3,9.4,9.5,9.6,10,11,12,13
default_acl	defaclacl	aclitem[]	9.0,9.1,9.2,9.3,9.4,9.5,9.6,10,11,12,13
default_acl	defaclnamespace	oid	9.0,9.1,9.2,9.3,9.4,9.5,9.6,10,11,12,13
default_acl	defaclobjtype	char	9.0,9.1,9.2,9.3,9.4,9.5,9.6,10,11,12,13
default_acl	defaclrole	oid	9.0,9.1,9.2,9.3,9.4,9.5,9.6,10,11,12,13
default_acl	oid	oid	9.3,9.4,9.5,9.6,10,11,12,13
depend	classid	oid	7.3,7.4,8.0,8.1,8.2,8.3,8.4,9.0,9.1,9.2,9.3,9.4,9.5,9.6,10,11,12,13
depend	deptype	char	7.3,7.4,8.0,8.1,8.2,8.3,8.4,9.0,9.1,9.2,9.3,9.4,9.5,9.6,10,11,12,13
depend	objid	oid	7.3,7.4,8.0,8.1,8.2,8.3,8.4,9.0,9.1,9.2,9.3,9.4,9.5,9.6,10,11,12,13
depend	objsubid	int4	7.3,7.4,8.0,8.1,8.2,8.3,8.4,9.0,9.1,9.2,9.3,9.4,9.5,9.6,10,11,12,13
depend	refclassid	oid	7.3,7.4,8.0,8.1,8.2,8.3,8.4,9.0,9.1,9.2,9.3,9.4,9.5,9.6,10,11,12,13
depend	refobjid	oid	7.3,7.4,8.0,8.1,8.2,8.3,8.4,9.0,9.1,9.2,9.3,9.4,9.5,9.6,10,11,12,13
depend	refobjsubid	int4	7.3,7.4,8.0,8.1,8.2,8.3,8.4,9.0,9.1,9.2,9.3,9.4,9.5,9.6,10,11,12,13
description	classoid	oid	7.2,7.3,7.4,8.0,8.1,8.2,8.3,8.4,9.0,9.1,9.2,9.3,9.4,9.5,9.6,10,11,12,13
description	description	text	7.1,7.2,7.3,7.4,8.0,8.1,8.2,8.3,8.4,9.0,9.1,9.2,9.3,9.4,9.5,9.6,10,11,12,13
description	objoid	oid	7.1,7.2,7.3,7.4,8.0,8.1,8.2,8.3,8.4,9.0,9.1,9.2,9.3,9.4,9.5,9.6,10,11,12,13
description	objsubid	int4	7.2,7.3,7.4,8.0,8.1,8.2,8.3,8.4,9.0,9.1,9.2,9.3,9.4,9.5,9.6,10,11,12,13
enum	enumlabel	name	8.3,8.4,9.0,9.1,9.2,9.3,9.4,9.5,9.6,10,11,12,13
enum	enumsortorder	float4	9.1,9.2,9.3,9.4,9.5,9.6,10,11,12,13
enum	enumtypid	oid	8.3,8.4,9.0,9.1,9.2,9.3,9.4,9.5,9.6,10,11,12,13
enum	oid	oid	9.3,9.4,9.5,9.6,10,11,12,13
event_trigger	evtenabled	char	9.3,9.4,9.5,9.6,10,11,12,13
event_trigger	evtevent	name	9.3,9.4,9.5,9.6,10,11,12,13
event_trigger	evtfoid	oid	9.3,9.4,9.5,9.6,10,11,12,13
event_trigger	evtname	name	9.3,9.4,9.5,9.6,10,11,12,13
event_trigger	evtowner	oid	9.3,9.4,9.5,9.6,10,11,12,13
event_trigger	evttags	text[]	9.3,9.4,9.5,9.6,10,11,12,13
event_trigger	oid	oid	13
extension	extcondition	text[]	9.1,9.2,9.3,9.4,9.5,9.6,10,11,12,13
extension	extconfig	oid[]	9.1,9.2,9.3,9.4,9.5,9.6,10,11,12,13
extension	extname	name	9.1,9.2,9.3,9.4,9.5,9.6,10,11,12,13
extension	extnamespace	oid	9.1,9.2,9.3,9.4,9.5,9.6,10,11,12,13
extension	extowner	oid	9.1,9.2,9.3,9.4,9.5,9.6,10,11,12,13
extension	extrelocatable	bool	9.1,9.2,9.3,9.4,9.5,9.6,10,11,12,13
extension	extversion	text	9.1,9.2,9.3,9.4,9.5,9.6,10,11,12,13
extension	oid	oid	9.3,9.4,9.5,9.6,10,11,12,13
file_settings	applied	bool	13
file_settings	applied	boolean	9.5,9.6,10,11,12
file_settings	error	text	9.5,9.6,10,11,12,13
file_settings	name	text	9.5,9.6,10,11,12,13
file_settings	seqno	int4	13
file_settings	seqno	integer	9.5,9.6,10,11,12
file_settings	setting	text	9.5,9.6,10,11,12,13
file_settings	sourcefile	text	9.5,9.6,10,11,12,13
file_settings	sourceline	int4	13
file_settings	sourceline	integer	9.5,9.6,10,11,12
foreign_data-wrapper	fdwacl	aclitem[]	8.4,9.0,9.1,9.2,9.3,9.4,9.5,9.6,10,11,12,13
foreign_data-wrapper	fdwhandler	oid	9.1,9.2,9.3,9.4,9.5,9.6,10,11,12,13
foreign_data-wrapper	fdwname	name	8.4,9.0,9.1,9.2,9.3,9.4,9.5,9.6,10,11,12,13
foreign_data-wrapper	fdwoptions	text[]	8.4,9.0,9.1,9.2,9.3,9.4,9.5,9.6,10,11,12,13
foreign_data-wrapper	fdwowner	oid	8.4,9.0,9.1,9.2,9.3,9.4,9.5,9.6,10,11,12,13
foreign_data-wrapper	fdwvalidator	oid	8.4,9.0,9.1,9.2,9.3,9.4,9.5,9.6,10,11,12,13
foreign_data-wrapper	oid	oid	9.3,9.4,9.5,9.6,10,11,12,13
foreign_server	oid	oid	9.3,9.4,9.5,9.6,10,11,12,13
foreign_server	srvacl	aclitem[]	8.4,9.0,9.1,9.2,9.3,9.4,9.5,9.6,10,11,12,13
foreign_server	srvfdw	oid	8.4,9.0,9.1,9.2,9.3,9.4,9.5,9.6,10,11,12,13
foreign_server	srvname	name	8.4,9.0,9.1,9.2,9.3,9.4,9.5,9.6,10,11,12,13
foreign_server	srvoptions	text[]	8.4,9.0,9.1,9.2,9.3,9.4,9.5,9.6,10,11,12,13
foreign_server	srvowner	oid	8.4,9.0,9.1,9.2,9.3,9.4,9.5,9.6,10,11,12,13
foreign_server	srvtype	text	8.4,9.0,9.1,9.2,9.3,9.4,9.5,9.6,10,11,12,13
foreign_server	srvversion	text	8.4,9.0,9.1,9.2,9.3,9.4,9.5,9.6,10,11,12,13
foreign_table	ftoptions	text[]	9.1,9.2,9.3,9.4,9.5,9.6,10,11,12,13
foreign_table	ftrelid	oid	9.1,9.2,9.3,9.4,9.5,9.6,10,11,12,13
foreign_table	ftserver	oid	9.1,9.2,9.3,9.4,9.5,9.6,10,11,12,13
group	grolist	int4[]	7.1,7.2,7.3,7.4,8.0
group	grolist	oid[]	8.1,8.2,8.3,8.4,9.0,9.1,9.2,9.3,9.4,9.5,9.6,10,11,12,13
group	groname	name	7.1,7.2,7.3,7.4,8.0,8.1,8.2,8.3,8.4,9.0,9.1,9.2,9.3,9.4,9.5,9.6,10,11,12,13
group	grosysid	int4	7.1,7.2,7.3,7.4,8.0
group	grosysid	oid	8.1,8.2,8.3,8.4,9.0,9.1,9.2,9.3,9.4,9.5,9.6,10,11,12,13
hba_file-rules	address	text	10,11,12,13
hba_file-rules	auth_method	text	10,11,12,13
hba_file-rules	database	text[]	10,11,12,13
hba_file-rules	error	text	10,11,12,13
hba_file-rules	line_number	int4	13
hba_file-rules	line_number	integer	10,11,12
hba_file-rules	netmask	text	10,11,12,13
hba_file-rules	options	text[]	10,11,12,13
hba_file-rules	type	text	10,11,12,13
hba_file-rules	user_name	text[]	10,11,12,13
index	indcheckxmin	bool	8.3,8.4,9.0,9.1,9.2,9.3,9.4,9.5,9.6,10,11,12,13
index	indclass	oidvector	7.1,7.2,7.3,7.4,8.0,8.1,8.2,8.3,8.4,9.0,9.1,9.2,9.3,9.4,9.5,9.6,10,11,12,13
index	indcollation	oidvector	9.1,9.2,9.3,9.4,9.5,9.6,10,11,12,13
index	indexprs	pg_node_tree	9.1,9.2,9.3,9.4,9.5,9.6,10,11,12,13
index	indexprs	text	7.4,8.0,8.1,8.2,8.3,8.4,9.0
index	indexrelid	oid	7.1,7.2,7.3,7.4,8.0,8.1,8.2,8.3,8.4,9.0,9.1,9.2,9.3,9.4,9.5,9.6,10,11,12,13
index	indimmediate	bool	9.0,9.1,9.2,9.3,9.4,9.5,9.6,10,11,12,13
index	indisclustered	bool	7.1,7.2,7.3,7.4,8.0,8.1,8.2,8.3,8.4,9.0,9.1,9.2,9.3,9.4,9.5,9.6,10,11,12,13
index	indisexclusion	bool	9.1,9.2,9.3,9.4,9.5,9.6,10,11,12,13
index	indislive	bool	9.3,9.4,9.5,9.6,10,11,12,13
index	indislossy	bool	7.1
index	indisprimary	bool	7.1,7.2,7.3,7.4,8.0,8.1,8.2,8.3,8.4,9.0,9.1,9.2,9.3,9.4,9.5,9.6,10,11,12,13
index	indisready	bool	8.3,8.4,9.0,9.1,9.2,9.3,9.4,9.5,9.6,10,11,12,13
index	indisreplident	bool	9.4,9.5,9.6,10,11,12,13
index	indisunique	bool	7.1,7.2,7.3,7.4,8.0,8.1,8.2,8.3,8.4,9.0,9.1,9.2,9.3,9.4,9.5,9.6,10,11,12,13
index	indisvalid	bool	8.2,8.3,8.4,9.0,9.1,9.2,9.3,9.4,9.5,9.6,10,11,12,13
index	indkey	int2vector	7.1,7.2,7.3,7.4,8.0,8.1,8.2,8.3,8.4,9.0,9.1,9.2,9.3,9.4,9.5,9.6,10,11,12,13
index	indnatts	int2	7.4,8.0,8.1,8.2,8.3,8.4,9.0,9.1,9.2,9.3,9.4,9.5,9.6,10,11,12,13
index	indnkeyatts	int2	11,12,13
index	indoption	int2vector	8.3,8.4,9.0,9.1,9.2,9.3,9.4,9.5,9.6,10,11,12,13
index	indpred	pg_node_tree	9.1,9.2,9.3,9.4,9.5,9.6,10,11,12,13
index	indpred	text	7.1,7.2,7.3,7.4,8.0,8.1,8.2,8.3,8.4,9.0
index	indproc	oid	7.1
index	indproc	regproc	7.2,7.3
index	indreference	oid	7.1,7.2,7.3
index	indrelid	oid	7.1,7.2,7.3,7.4,8.0,8.1,8.2,8.3,8.4,9.0,9.1,9.2,9.3,9.4,9.5,9.6,10,11,12,13
indexes	indexdef	text	7.4,8.0,8.1,8.2,8.3,8.4,9.0,9.1,9.2,9.3,9.4,9.5,9.6,10,11,12,13
indexes	indexname	name	7.4,8.0,8.1,8.2,8.3,8.4,9.0,9.1,9.2,9.3,9.4,9.5,9.6,10,11,12,13
indexes	schemaname	name	7.4,8.0,8.1,8.2,8.3,8.4,9.0,9.1,9.2,9.3,9.4,9.5,9.6,10,11,12,13
indexes	tablename	name	7.4,8.0,8.1,8.2,8.3,8.4,9.0,9.1,9.2,9.3,9.4,9.5,9.6,10,11,12,13
indexes	tablespace	name	8.0,8.1,8.2,8.3,8.4,9.0,9.1,9.2,9.3,9.4,9.5,9.6,10,11,12,13
inherits	inhparent	oid	7.1,7.2,7.3,7.4,8.0,8.1,8.2,8.3,8.4,9.0,9.1,9.2,9.3,9.4,9.5,9.6,10,11,12,13
inherits	inhrelid	oid	7.1,7.2,7.3,7.4,8.0,8.1,8.2,8.3,8.4,9.0,9.1,9.2,9.3,9.4,9.5,9.6,10,11,12,13
inherits	inhseqno	int4	7.1,7.2,7.3,7.4,8.0,8.1,8.2,8.3,8.4,9.0,9.1,9.2,9.3,9.4,9.5,9.6,10,11,12,13
init_privs	classoid	oid	9.6,10,11,12,13
init_privs	initprivs	aclitem[]	9.6,10,11,12,13
init_privs	objoid	oid	9.6,10,11,12,13
init_privs	objsubid	int4	9.6,10,11,12,13
init_privs	privtype	char	9.6,10,11,12,13
language	lanacl	aclitem[]	7.3,7.4,8.0,8.1,8.2,8.3,8.4,9.0,9.1,9.2,9.3,9.4,9.5,9.6,10,11,12,13
language	lancompiler	text	7.1,7.2
language	laninline	oid	9.0,9.1,9.2,9.3,9.4,9.5,9.6,10,11,12,13
language	lanispl	bool	7.1,7.2,7.3,7.4,8.0,8.1,8.2,8.3,8.4,9.0,9.1,9.2,9.3,9.4,9.5,9.6,10,11,12,13
language	lanname	name	7.1,7.2,7.3,7.4,8.0,8.1,8.2,8.3,8.4,9.0,9.1,9.2,9.3,9.4,9.5,9.6,10,11,12,13
language	lanowner	oid	8.3,8.4,9.0,9.1,9.2,9.3,9.4,9.5,9.6,10,11,12,13
language	lanplcallfoid	oid	7.1,7.2,7.3,7.4,8.0,8.1,8.2,8.3,8.4,9.0,9.1,9.2,9.3,9.4,9.5,9.6,10,11,12,13
language	lanpltrusted	bool	7.1,7.2,7.3,7.4,8.0,8.1,8.2,8.3,8.4,9.0,9.1,9.2,9.3,9.4,9.5,9.6,10,11,12,13
language	lanvalidator	oid	7.3,7.4,8.0,8.1,8.2,8.3,8.4,9.0,9.1,9.2,9.3,9.4,9.5,9.6,10,11,12,13
language	oid	oid	9.3,9.4,9.5,9.6,10,11,12,13
largeobject	data	bytea	7.2,7.3,7.4,8.0,8.1,8.2,8.3,8.4,9.0,9.1,9.2,9.3,9.4,9.5,9.6,10,11,12,13
largeobject	loid	oid	7.2,7.3,7.4,8.0,8.1,8.2,8.3,8.4,9.0,9.1,9.2,9.3,9.4,9.5,9.6,10,11,12,13
largeobject	pageno	int4	7.2,7.3,7.4,8.0,8.1,8.2,8.3,8.4,9.0,9.1,9.2,9.3,9.4,9.5,9.6,10,11,12,13
largeobject_metadata	lomacl	aclitem[]	9.0,9.1,9.2,9.3,9.4,9.5,9.6,10,11,12,13
largeobject_metadata	lomowner	oid	9.0,9.1,9.2,9.3,9.4,9.5,9.6,10,11,12,13
largeobject_metadata	oid	oid	9.3,9.4,9.5,9.6,10,11,12,13
listener	listenerpid	int4	7.2,7.3,7.4,8.0,8.1,8.2,8.3,8.4
listener	notification	int4	7.2,7.3,7.4,8.0,8.1,8.2,8.3,8.4
listener	relname	name	7.2,7.3,7.4,8.0,8.1,8.2,8.3,8.4
locks	classid	oid	8.1,8.2,8.3,8.4,9.0,9.1,9.2,9.3,9.4,9.5,9.6,10,11,12,13
locks	database	oid	7.4,8.0,8.1,8.2,8.3,8.4,9.0,9.1,9.2,9.3,9.4,9.5,9.6,10,11,12,13
locks	fastpath	bool	13
locks	fastpath	boolean	9.2,9.3,9.4,9.5,9.6,10,11,12
locks	granted	bool	13
locks	granted	boolean	7.4,8.0,8.1,8.2,8.3,8.4,9.0,9.1,9.2,9.3,9.4,9.5,9.6,10,11,12
locks	locktype	text	8.1,8.2,8.3,8.4,9.0,9.1,9.2,9.3,9.4,9.5,9.6,10,11,12,13
locks	mode	text	7.4,8.0,8.1,8.2,8.3,8.4,9.0,9.1,9.2,9.3,9.4,9.5,9.6,10,11,12,13
locks	objid	oid	8.1,8.2,8.3,8.4,9.0,9.1,9.2,9.3,9.4,9.5,9.6,10,11,12,13
locks	objsubid	int2	13
locks	objsubid	smallint	8.1,8.2,8.3,8.4,9.0,9.1,9.2,9.3,9.4,9.5,9.6,10,11,12
locks	page	int4	13
locks	page	integer	8.1,8.2,8.3,8.4,9.0,9.1,9.2,9.3,9.4,9.5,9.6,10,11,12
locks	pid	int4	13
locks	pid	integer	7.4,8.0,8.1,8.2,8.3,8.4,9.0,9.1,9.2,9.3,9.4,9.5,9.6,10,11,12
locks	relation	oid	7.4,8.0,8.1,8.2,8.3,8.4,9.0,9.1,9.2,9.3,9.4,9.5,9.6,10,11,12,13
locks	transaction	xid	7.4,8.0,8.1,8.2
locks	transactionid	xid	8.1,8.2,8.3,8.4,9.0,9.1,9.2,9.3,9.4,9.5,9.6,10,11,12,13
locks	tuple	int2	13
locks	tuple	smallint	8.1,8.2,8.3,8.4,9.0,9.1,9.2,9.3,9.4,9.5,9.6,10,11,12
locks	virtualtransaction	text	8.3,8.4,9.0,9.1,9.2,9.3,9.4,9.5,9.6,10,11,12,13
locks	virtualxid	text	8.3,8.4,9.0,9.1,9.2,9.3,9.4,9.5,9.6,10,11,12,13
matviews	definition	text	9.3,9.4,9.5,9.6,10,11,12,13
matviews	hasindexes	bool	13
matviews	hasindexes	boolean	9.3,9.4,9.5,9.6,10,11,12
matviews	ispopulated	bool	13
matviews	ispopulated	boolean	9.3,9.4,9.5,9.6,10,11,12
matviews	matviewname	name	9.3,9.4,9.5,9.6,10,11,12,13
matviews	matviewowner	name	9.3,9.4,9.5,9.6,10,11,12,13
matviews	schemaname	name	9.3,9.4,9.5,9.6,10,11,12,13
matviews	tablespace	name	9.3,9.4,9.5,9.6,10,11,12,13
namespace	nspacl	aclitem[]	7.3,7.4,8.0,8.1,8.2,8.3,8.4,9.0,9.1,9.2,9.3,9.4,9.5,9.6,10,11,12,13
namespace	nspname	name	7.3,7.4,8.0,8.1,8.2,8.3,8.4,9.0,9.1,9.2,9.3,9.4,9.5,9.6,10,11,12,13
namespace	nspowner	int4	7.3,7.4,8.0
namespace	nspowner	oid	8.1,8.2,8.3,8.4,9.0,9.1,9.2,9.3,9.4,9.5,9.6,10,11,12,13
namespace	oid	oid	9.3,9.4,9.5,9.6,10,11,12,13
opclass	oid	oid	9.3,9.4,9.5,9.6,10,11,12,13
opclass	opcamid	oid	7.3,7.4,8.0,8.1,8.2
opclass	opcdefault	bool	7.3,7.4,8.0,8.1,8.2,8.3,8.4,9.0,9.1,9.2,9.3,9.4,9.5,9.6,10,11,12,13
opclass	opcfamily	oid	8.3,8.4,9.0,9.1,9.2,9.3,9.4,9.5,9.6,10,11,12,13
opclass	opcintype	oid	7.3,7.4,8.0,8.1,8.2,8.3,8.4,9.0,9.1,9.2,9.3,9.4,9.5,9.6,10,11,12,13
opclass	opckeytype	oid	7.3,7.4,8.0,8.1,8.2,8.3,8.4,9.0,9.1,9.2,9.3,9.4,9.5,9.6,10,11,12,13
opclass	opcmethod	oid	8.3,8.4,9.0,9.1,9.2,9.3,9.4,9.5,9.6,10,11,12,13
opclass	opcname	name	7.3,7.4,8.0,8.1,8.2,8.3,8.4,9.0,9.1,9.2,9.3,9.4,9.5,9.6,10,11,12,13
opclass	opcnamespace	oid	7.3,7.4,8.0,8.1,8.2,8.3,8.4,9.0,9.1,9.2,9.3,9.4,9.5,9.6,10,11,12,13
opclass	opcowner	int4	7.3,7.4,8.0
opclass	opcowner	oid	8.1,8.2,8.3,8.4,9.0,9.1,9.2,9.3,9.4,9.5,9.6,10,11,12,13
operator	oid	oid	9.3,9.4,9.5,9.6,10,11,12,13
operator	oprcanhash	bool	7.1,7.2,7.3,7.4,8.0,8.1,8.2,8.3,8.4,9.0,9.1,9.2,9.3,9.4,9.5,9.6,10,11,12,13
operator	oprcanmerge	bool	8.3,8.4,9.0,9.1,9.2,9.3,9.4,9.5,9.6,10,11,12,13
operator	oprcode	regproc	7.1,7.2,7.3,7.4,8.0,8.1,8.2,8.3,8.4,9.0,9.1,9.2,9.3,9.4,9.5,9.6,10,11,12,13
operator	oprcom	oid	7.1,7.2,7.3,7.4,8.0,8.1,8.2,8.3,8.4,9.0,9.1,9.2,9.3,9.4,9.5,9.6,10,11,12,13
operator	oprgtcmpop	oid	7.3,7.4,8.0,8.1,8.2
operator	oprisleft	bool	7.1,7.2
operator	oprjoin	regproc	7.1,7.2,7.3,7.4,8.0,8.1,8.2,8.3,8.4,9.0,9.1,9.2,9.3,9.4,9.5,9.6,10,11,12,13
operator	oprkind	char	7.1,7.2,7.3,7.4,8.0,8.1,8.2,8.3,8.4,9.0,9.1,9.2,9.3,9.4,9.5,9.6,10,11,12,13
operator	oprleft	oid	7.1,7.2,7.3,7.4,8.0,8.1,8.2,8.3,8.4,9.0,9.1,9.2,9.3,9.4,9.5,9.6,10,11,12,13
operator	oprlsortop	oid	7.1,7.2,7.3,7.4,8.0,8.1,8.2
operator	oprltcmpop	oid	7.3,7.4,8.0,8.1,8.2
operator	oprname	name	7.1,7.2,7.3,7.4,8.0,8.1,8.2,8.3,8.4,9.0,9.1,9.2,9.3,9.4,9.5,9.6,10,11,12,13
operator	oprnamespace	oid	7.3,7.4,8.0,8.1,8.2,8.3,8.4,9.0,9.1,9.2,9.3,9.4,9.5,9.6,10,11,12,13
operator	oprnegate	oid	7.1,7.2,7.3,7.4,8.0,8.1,8.2,8.3,8.4,9.0,9.1,9.2,9.3,9.4,9.5,9.6,10,11,12,13
operator	oprowner	int4	7.1,7.2,7.3,7.4,8.0
operator	oprowner	oid	8.1,8.2,8.3,8.4,9.0,9.1,9.2,9.3,9.4,9.5,9.6,10,11,12,13
operator	oprprec	int2	7.1,7.2
operator	oprrest	regproc	7.1,7.2,7.3,7.4,8.0,8.1,8.2,8.3,8.4,9.0,9.1,9.2,9.3,9.4,9.5,9.6,10,11,12,13
operator	oprresult	oid	7.1,7.2,7.3,7.4,8.0,8.1,8.2,8.3,8.4,9.0,9.1,9.2,9.3,9.4,9.5,9.6,10,11,12,13
operator	oprright	oid	7.1,7.2,7.3,7.4,8.0,8.1,8.2,8.3,8.4,9.0,9.1,9.2,9.3,9.4,9.5,9.6,10,11,12,13
operator	oprrsortop	oid	7.1,7.2,7.3,7.4,8.0,8.1,8.2
opfamily	oid	oid	9.3,9.4,9.5,9.6,10,11,12,13
opfamily	opfmethod	oid	8.3,8.4,9.0,9.1,9.2,9.3,9.4,9.5,9.6,10,11,12,13
opfamily	opfname	name	8.3,8.4,9.0,9.1,9.2,9.3,9.4,9.5,9.6,10,11,12,13
opfamily	opfnamespace	oid	8.3,8.4,9.0,9.1,9.2,9.3,9.4,9.5,9.6,10,11,12,13
opfamily	opfowner	oid	8.3,8.4,9.0,9.1,9.2,9.3,9.4,9.5,9.6,10,11,12,13
partitioned_table	partattrs	int2vector	10,11,12,13
partitioned_table	partclass	oidvector	10,11,12,13
partitioned_table	partcollation	oidvector	10,11,12,13
partitioned_table	partdefid	oid	11,12,13
partitioned_table	partexprs	pg_node_tree	10,11,12,13
partitioned_table	partnatts	int2	10,11,12,13
partitioned_table	partrelid	oid	10,11,12,13
partitioned_table	partstrat	char	10,11,12,13
pltemplate	tmplacl	aclitem[]	8.1,8.2,8.3,8.4,9.0,9.1,9.2,9.3,9.4,9.5,9.6,10,11,12
pltemplate	tmpldbacreate	boolean	8.3,8.4,9.0,9.1,9.2,9.3,9.4,9.5,9.6,10,11,12
pltemplate	tmplhandler	text	8.1,8.2,8.3,8.4,9.0,9.1,9.2,9.3,9.4,9.5,9.6,10,11,12
pltemplate	tmplinline	text	9.0,9.1,9.2,9.3,9.4,9.5,9.6,10,11,12
pltemplate	tmpllibrary	text	8.1,8.2,8.3,8.4,9.0,9.1,9.2,9.3,9.4,9.5,9.6,10,11,12
pltemplate	tmplname	name	8.1,8.2,8.3,8.4,9.0,9.1,9.2,9.3,9.4,9.5,9.6,10,11,12
pltemplate	tmpltrusted	boolean	8.1,8.2,8.3,8.4,9.0,9.1,9.2,9.3,9.4,9.5,9.6,10,11,12
pltemplate	tmplvalidator	text	8.1,8.2,8.3,8.4,9.0,9.1,9.2,9.3,9.4,9.5,9.6,10,11,12
policies	cmd	text	9.5,9.6,10,11,12,13
policies	permissive	text	13
policies	policyname	name	9.5,9.6,10,11,12,13
policies	polpermissive	text	10,11,12
policies	qual	text	9.5,9.6,10,11,12,13
policies	roles	name[]	9.5,9.6,10,11,12,13
policies	schemaname	name	9.5,9.6,10,11,12,13
policies	tablename	name	9.5,9.6,10,11,12,13
policies	with_check	text	9.5,9.6,10,11,12,13
policy	oid	oid	13
policy	polcmd	char	9.5,9.6,10,11,12,13
policy	polname	name	9.5,9.6,10,11,12,13
policy	polpermissive	bool	13
policy	polpermissive	boolean	10,11,12
policy	polqual	pg_node_tree	9.5,9.6,10,11,12,13
policy	polrelid	oid	9.5,9.6,10,11,12,13
policy	polroles	oid[]	9.5,9.6,10,11,12,13
policy	polwithcheck	pg_node_tree	9.5,9.6,10,11,12,13
prepared_statements	from_sql	bool	13
prepared_statements	from_sql	boolean	8.2,8.3,8.4,9.0,9.1,9.2,9.3,9.4,9.5,9.6,10,11,12
prepared_statements	name	text	8.2,8.3,8.4,9.0,9.1,9.2,9.3,9.4,9.5,9.6,10,11,12,13
prepared_statements	parameter_types	regtype[]	8.2,8.3,8.4,9.0,9.1,9.2,9.3,9.4,9.5,9.6,10,11,12,13
prepared_statements	prepare_time	timestamptz	8.2,8.3,8.4,9.0,9.1,9.2,9.3,9.4,9.5,9.6,10,11,12,13
prepared_statements	statement	text	8.2,8.3,8.4,9.0,9.1,9.2,9.3,9.4,9.5,9.6,10,11,12,13
prepared_xacts	database	name	8.1,8.2,8.3,8.4,9.0,9.1,9.2,9.3,9.4,9.5,9.6,10,11,12,13
prepared_xacts	gid	text	8.1,8.2,8.3,8.4,9.0,9.1,9.2,9.3,9.4,9.5,9.6,10,11,12,13
prepared_xacts	owner	name	8.1,8.2,8.3,8.4,9.0,9.1,9.2,9.3,9.4,9.5,9.6,10,11,12,13
prepared_xacts	prepared	timestamp with time zone	8.1,8.2,8.3,8.4,9.0,9.1,9.2,9.3,9.4,9.5,9.6,10,11,12
prepared_xacts	prepared	timestamptz	13
prepared_xacts	transaction	xid	8.1,8.2,8.3,8.4,9.0,9.1,9.2,9.3,9.4,9.5,9.6,10,11,12,13
proc	oid	oid	9.3,9.4,9.5,9.6,10,11,12,13
proc	proacl	aclitem[]	7.3,7.4,8.0,8.1,8.2,8.3,8.4,9.0,9.1,9.2,9.3,9.4,9.5,9.6,10,11,12,13
proc	proallargtypes	oid[]	8.1,8.2,8.3,8.4,9.0,9.1,9.2,9.3,9.4,9.5,9.6,10,11,12,13
proc	proargdefaults	pg_node_tree	9.1,9.2,9.3,9.4,9.5,9.6,10,11,12,13
proc	proargdefaults	text	8.4,9.0
proc	proargmodes	char[]	8.1,8.2,8.3,8.4,9.0,9.1,9.2,9.3,9.4,9.5,9.6,10,11,12,13
proc	proargnames	text[]	8.0,8.1,8.2,8.3,8.4,9.0,9.1,9.2,9.3,9.4,9.5,9.6,10,11,12,13
proc	proargtypes	oidvector	7.1,7.2,7.3,7.4,8.0,8.1,8.2,8.3,8.4,9.0,9.1,9.2,9.3,9.4,9.5,9.6,10,11,12,13
proc	probin	bytea	7.1,7.2,7.3,7.4,8.0,8.1,8.2,8.3,8.4
proc	probin	text	9.0,9.1,9.2,9.3,9.4,9.5,9.6,10,11,12,13
proc	probyte_pct	int4	7.1,7.2
proc	proconfig	text[]	8.3,8.4,9.0,9.1,9.2,9.3,9.4,9.5,9.6,10,11,12,13
proc	procost	float4	8.3,8.4,9.0,9.1,9.2,9.3,9.4,9.5,9.6,10,11,12,13
proc	proisagg	bool	7.3,7.4,8.0,8.1,8.2,8.3,8.4,9.0,9.1,9.2,9.3,9.4,9.5,9.6,10
proc	proiscachable	bool	7.1,7.2
proc	proisinh	bool	7.1,7.2
proc	proisstrict	bool	7.1,7.2,7.3,7.4,8.0,8.1,8.2,8.3,8.4,9.0,9.1,9.2,9.3,9.4,9.5,9.6,10,11,12,13
proc	proistrusted	bool	7.1,7.2
proc	proiswindow	bool	8.4,9.0,9.1,9.2,9.3,9.4,9.5,9.6,10
proc	prokind	char	11,12,13
proc	prolang	oid	7.1,7.2,7.3,7.4,8.0,8.1,8.2,8.3,8.4,9.0,9.1,9.2,9.3,9.4,9.5,9.6,10,11,12,13
proc	proleakproof	bool	9.2,9.3,9.4,9.5,9.6,10,11,12,13
proc	proname	name	7.1,7.2,7.3,7.4,8.0,8.1,8.2,8.3,8.4,9.0,9.1,9.2,9.3,9.4,9.5,9.6,10,11,12,13
proc	pronamespace	oid	7.3,7.4,8.0,8.1,8.2,8.3,8.4,9.0,9.1,9.2,9.3,9.4,9.5,9.6,10,11,12,13
proc	pronargdefaults	int2	8.4,9.0,9.1,9.2,9.3,9.4,9.5,9.6,10,11,12,13
proc	pronargs	int2	7.1,7.2,7.3,7.4,8.0,8.1,8.2,8.3,8.4,9.0,9.1,9.2,9.3,9.4,9.5,9.6,10,11,12,13
proc	prooutin_ratio	int4	7.1,7.2
proc	proowner	int4	7.1,7.2,7.3,7.4,8.0
proc	proowner	oid	8.1,8.2,8.3,8.4,9.0,9.1,9.2,9.3,9.4,9.5,9.6,10,11,12,13
proc	proparallel	char	9.6,10,11,12,13
proc	properbyte_cpu	int4	7.2
proc	properbyte_pct	int4	7.1
proc	propercall_cpu	int4	7.2
proc	propercall_pct	int4	7.1
proc	proretset	bool	7.1,7.2,7.3,7.4,8.0,8.1,8.2,8.3,8.4,9.0,9.1,9.2,9.3,9.4,9.5,9.6,10,11,12,13
proc	prorettype	oid	7.1,7.2,7.3,7.4,8.0,8.1,8.2,8.3,8.4,9.0,9.1,9.2,9.3,9.4,9.5,9.6,10,11,12,13
proc	prorows	float4	8.3,8.4,9.0,9.1,9.2,9.3,9.4,9.5,9.6,10,11,12,13
proc	prosecdef	bool	7.3,7.4,8.0,8.1,8.2,8.3,8.4,9.0,9.1,9.2,9.3,9.4,9.5,9.6,10,11,12,13
proc	prosrc	text	7.1,7.2,7.3,7.4,8.0,8.1,8.2,8.3,8.4,9.0,9.1,9.2,9.3,9.4,9.5,9.6,10,11,12,13
proc	prosupport	regproc	12,13
proc	protransform	regproc	9.2,9.3,9.4,9.5,9.6,10,11
proc	protrftypes	oid[]	9.5,9.6,10,11,12,13
proc	provariadic	oid	8.4,9.0,9.1,9.2,9.3,9.4,9.5,9.6,10,11,12,13
proc	provolatile	char	7.3,7.4,8.0,8.1,8.2,8.3,8.4,9.0,9.1,9.2,9.3,9.4,9.5,9.6,10,11,12,13
publication	oid	oid	10,11,12,13
publication	puballtables	bool	10,11,12,13
publication	pubdelete	bool	10,11,12,13
publication	pubinsert	bool	10,11,12,13
publication	pubname	name	10,11,12,13
publication	pubowner	oid	10,11,12,13
publication	pubtruncate	bool	11,12,13
publication	pubupdate	bool	10,11,12,13
publication	pubviaroot	bool	13
publication_rel	oid	oid	13
publication_rel	prpubid	oid	10,11,12,13
publication_rel	prrelid	oid	10,11,12,13
publication_tables	pubname	name	10,11,12,13
publication_tables	schemaname	name	10,11,12,13
publication_tables	tablename	name	10,11,12,13
range	rngcanonical	regproc	9.2,9.3,9.4,9.5,9.6,10,11,12,13
range	rngcollation	oid	9.2,9.3,9.4,9.5,9.6,10,11,12,13
range	rngsubdiff	regproc	9.2,9.3,9.4,9.5,9.6,10,11,12,13
range	rngsubopc	oid	9.2,9.3,9.4,9.5,9.6,10,11,12,13
range	rngsubtype	oid	9.2,9.3,9.4,9.5,9.6,10,11,12,13
range	rngtypid	oid	9.2,9.3,9.4,9.5,9.6,10,11,12,13
relcheck	rcbin	text	7.1,7.2
relcheck	rcname	name	7.1,7.2
relcheck	rcrelid	oid	7.1,7.2
relcheck	rcsrc	text	7.1,7.2
replication_origin	roident	Oid	9.5,9.6,10,11,12
replication_origin	roident	oid	13
replication_origin	roname	text	9.5,9.6,10,11,12,13
replication_origin-status	external_id	text	9.5,9.6,10,11,12,13
replication_origin-status	local_id	Oid	9.5,9.6,10,11,12
replication_origin-status	local_id	oid	13
replication_origin-status	local_lsn	pg_lsn	9.5,9.6,10,11,12,13
replication_origin-status	remote_lsn	pg_lsn	9.5,9.6,10,11,12,13
replication_slots	active	bool	13
replication_slots	active	boolean	9.4,9.5,9.6,10,11,12
replication_slots	active_pid	int4	13
replication_slots	active_pid	integer	9.5,9.6,10,11,12
replication_slots	catalog_xmin	xid	9.4,9.5,9.6,10,11,12,13
replication_slots	confirmed_flush_lsn	pg_lsn	9.6,10,11,12,13
replication_slots	database	name	13
replication_slots	database	text	9.4,9.5,9.6,10,11,12
replication_slots	datoid	oid	9.4,9.5,9.6,10,11,12,13
replication_slots	plugin	name	9.4,9.5,9.6,10,11,12,13
replication_slots	restart_lsn	pg_lsn	9.4,9.5,9.6,10,11,12,13
replication_slots	safe_wal_size	int8	13
replication_slots	slot_name	name	9.4,9.5,9.6,10,11,12,13
replication_slots	slot_type	text	9.4,9.5,9.6,10,11,12,13
replication_slots	temporary	bool	13
replication_slots	temporary	boolean	10,11,12
replication_slots	wal_status	text	13
replication_slots	xmin	xid	9.4,9.5,9.6,10,11,12,13
rewrite	ev_action	pg_node_tree	9.1,9.2,9.3,9.4,9.5,9.6,10,11,12,13
rewrite	ev_action	text	7.2,7.3,7.4,8.0,8.1,8.2,8.3,8.4,9.0
rewrite	ev_attr	int2	7.2,7.3,7.4,8.0,8.1,8.2,8.3,8.4,9.0,9.1,9.2,9.3
rewrite	ev_class	oid	7.2,7.3,7.4,8.0,8.1,8.2,8.3,8.4,9.0,9.1,9.2,9.3,9.4,9.5,9.6,10,11,12,13
rewrite	ev_enabled	char	8.3,8.4,9.0,9.1,9.2,9.3,9.4,9.5,9.6,10,11,12,13
rewrite	ev_qual	pg_node_tree	9.1,9.2,9.3,9.4,9.5,9.6,10,11,12,13
rewrite	ev_qual	text	7.2,7.3,7.4,8.0,8.1,8.2,8.3,8.4,9.0
rewrite	ev_type	char	7.2,7.3,7.4,8.0,8.1,8.2,8.3,8.4,9.0,9.1,9.2,9.3,9.4,9.5,9.6,10,11,12,13
rewrite	is_instead	bool	7.2,7.3,7.4,8.0,8.1,8.2,8.3,8.4,9.0,9.1,9.2,9.3,9.4,9.5,9.6,10,11,12,13
rewrite	oid	oid	9.3,9.4,9.5,9.6,10,11,12,13
rewrite	rulename	name	7.2,7.3,7.4,8.0,8.1,8.2,8.3,8.4,9.0,9.1,9.2,9.3,9.4,9.5,9.6,10,11,12,13
roles	oid	oid	8.1,8.2,8.3,8.4,9.0,9.1,9.2,9.3,9.4,9.5,9.6,10,11,12,13
roles	rolbypassrls	bool	9.5,9.6,10,11,12,13
roles	rolcanlogin	bool	8.1,8.2,8.3,8.4,9.0,9.1,9.2,9.3,9.4,9.5,9.6,10,11,12,13
roles	rolcatupdate	bool	8.1,8.2,8.3,8.4,9.0,9.1,9.2,9.3,9.4
roles	rolconfig	text[]	8.1,8.2,8.3,8.4,9.0,9.1,9.2,9.3,9.4,9.5,9.6,10,11,12,13
roles	rolconnlimit	int4	8.1,8.2,8.3,8.4,9.0,9.1,9.2,9.3,9.4,9.5,9.6,10,11,12,13
roles	rolcreatedb	bool	8.1,8.2,8.3,8.4,9.0,9.1,9.2,9.3,9.4,9.5,9.6,10,11,12,13
roles	rolcreaterole	bool	8.1,8.2,8.3,8.4,9.0,9.1,9.2,9.3,9.4,9.5,9.6,10,11,12,13
roles	rolinherit	bool	8.1,8.2,8.3,8.4,9.0,9.1,9.2,9.3,9.4,9.5,9.6,10,11,12,13
roles	rolname	name	8.1,8.2,8.3,8.4,9.0,9.1,9.2,9.3,9.4,9.5,9.6,10,11,12,13
roles	rolpassword	text	8.1,8.2,8.3,8.4,9.0,9.1,9.2,9.3,9.4,9.5,9.6,10,11,12,13
roles	rolreplication	bool	9.1,9.2,9.3,9.4,9.5,9.6,10,11,12,13
roles	rolsuper	bool	8.1,8.2,8.3,8.4,9.0,9.1,9.2,9.3,9.4,9.5,9.6,10,11,12,13
roles	rolvaliduntil	timestamptz	8.1,8.2,8.3,8.4,9.0,9.1,9.2,9.3,9.4,9.5,9.6,10,11,12,13
rules	definition	text	7.4,8.0,8.1,8.2,8.3,8.4,9.0,9.1,9.2,9.3,9.4,9.5,9.6,10,11,12,13
rules	rulename	name	7.4,8.0,8.1,8.2,8.3,8.4,9.0,9.1,9.2,9.3,9.4,9.5,9.6,10,11,12,13
rules	schemaname	name	7.4,8.0,8.1,8.2,8.3,8.4,9.0,9.1,9.2,9.3,9.4,9.5,9.6,10,11,12,13
rules	tablename	name	7.4,8.0,8.1,8.2,8.3,8.4,9.0,9.1,9.2,9.3,9.4,9.5,9.6,10,11,12,13
seclabel	classoid	oid	9.1,9.2,9.3,9.4,9.5,9.6,10,11,12,13
seclabel	label	text	9.1,9.2,9.3,9.4,9.5,9.6,10,11,12,13
seclabel	objoid	oid	9.1,9.2,9.3,9.4,9.5,9.6,10,11,12,13
seclabel	objsubid	int4	9.1,9.2,9.3,9.4,9.5,9.6,10,11,12,13
seclabel	provider	text	9.1,9.2,9.3,9.4,9.5,9.6,10,11,12,13
seclabels	classoid	oid	9.1,9.2,9.3,9.4,9.5,9.6,10,11,12,13
seclabels	label	text	9.1,9.2,9.3,9.4,9.5,9.6,10,11,12,13
seclabels	objname	text	9.1,9.2,9.3,9.4,9.5,9.6,10,11,12,13
seclabels	objnamespace	oid	9.1,9.2,9.3,9.4,9.5,9.6,10,11,12,13
seclabels	objoid	oid	9.1,9.2,9.3,9.4,9.5,9.6,10,11,12,13
seclabels	objsubid	int4	9.1,9.2,9.3,9.4,9.5,9.6,10,11,12,13
seclabels	objtype	text	9.1,9.2,9.3,9.4,9.5,9.6,10,11,12,13
seclabels	provider	text	9.1,9.2,9.3,9.4,9.5,9.6,10,11,12,13
sequence	seqcache	int8	10,11,12,13
sequence	seqcycle	bool	10,11,12,13
sequence	seqincrement	int8	10,11,12,13
sequence	seqmax	int8	10,11,12,13
sequence	seqmin	int8	10,11,12,13
sequence	seqrelid	oid	10,11,12,13
sequence	seqstart	int8	10,11,12,13
sequence	seqtypid	oid	10,11,12,13
sequences	cache_size	bigint	10,11,12
sequences	cache_size	int8	13
sequences	cycle	bool	13
sequences	cycle	boolean	10,11,12
sequences	data_type	regtype	10,11,12,13
sequences	increment_by	bigint	10,11,12
sequences	increment_by	int8	13
sequences	last_value	bigint	10,11,12
sequences	last_value	int8	13
sequences	max_value	bigint	10,11,12
sequences	max_value	int8	13
sequences	min_value	bigint	10,11,12
sequences	min_value	int8	13
sequences	schemaname	name	10,11,12,13
sequences	sequencename	name	10,11,12,13
sequences	sequenceowner	name	10,11,12,13
sequences	start_value	bigint	10,11,12
sequences	start_value	int8	13
settings	boot_val	text	8.4,9.0,9.1,9.2,9.3,9.4,9.5,9.6,10,11,12,13
settings	category	text	8.0,8.1,8.2,8.3,8.4,9.0,9.1,9.2,9.3,9.4,9.5,9.6,10,11,12,13
settings	context	text	7.4,8.0,8.1,8.2,8.3,8.4,9.0,9.1,9.2,9.3,9.4,9.5,9.6,10,11,12,13
settings	enumvals	text[]	8.4,9.0,9.1,9.2,9.3,9.4,9.5,9.6,10,11,12,13
settings	extra_desc	text	8.0,8.1,8.2,8.3,8.4,9.0,9.1,9.2,9.3,9.4,9.5,9.6,10,11,12,13
settings	max_val	text	7.4,8.0,8.1,8.2,8.3,8.4,9.0,9.1,9.2,9.3,9.4,9.5,9.6,10,11,12,13
settings	min_val	text	7.4,8.0,8.1,8.2,8.3,8.4,9.0,9.1,9.2,9.3,9.4,9.5,9.6,10,11,12,13
settings	name	text	7.4,8.0,8.1,8.2,8.3,8.4,9.0,9.1,9.2,9.3,9.4,9.5,9.6,10,11,12,13
settings	pending_restart	bool	13
settings	pending_restart	boolean	9.5,9.6,10,11,12
settings	reset_val	text	8.4,9.0,9.1,9.2,9.3,9.4,9.5,9.6,10,11,12,13
settings	setting	text	7.4,8.0,8.1,8.2,8.3,8.4,9.0,9.1,9.2,9.3,9.4,9.5,9.6,10,11,12,13
settings	short_desc	text	8.0,8.1,8.2,8.3,8.4,9.0,9.1,9.2,9.3,9.4,9.5,9.6,10,11,12,13
settings	source	text	7.4,8.0,8.1,8.2,8.3,8.4,9.0,9.1,9.2,9.3,9.4,9.5,9.6,10,11,12,13
settings	sourcefile	text	8.4,9.0,9.1,9.2,9.3,9.4,9.5,9.6,10,11,12,13
settings	sourceline	int4	13
settings	sourceline	integer	8.4,9.0,9.1,9.2,9.3,9.4,9.5,9.6,10,11,12
settings	unit	text	8.2,8.3,8.4,9.0,9.1,9.2,9.3,9.4,9.5,9.6,10,11,12,13
settings	vartype	text	7.4,8.0,8.1,8.2,8.3,8.4,9.0,9.1,9.2,9.3,9.4,9.5,9.6,10,11,12,13
shadow	passwd	text	7.1,7.2,7.3,7.4,8.0,8.1,8.2,8.3,8.4,9.0,9.1,9.2,9.3,9.4,9.5,9.6,10,11,12,13
shadow	usebypassrls	bool	9.5,9.6,10,11,12,13
shadow	usecatupd	bool	7.1,7.2,7.3,7.4,8.0,8.1,8.2,8.3,8.4,9.0,9.1,9.2,9.3,9.4
shadow	useconfig	text[]	7.3,7.4,8.0,8.1,8.2,8.3,8.4,9.0,9.1,9.2,9.3,9.4,9.5,9.6,10,11,12,13
shadow	usecreatedb	bool	7.1,7.2,7.3,7.4,8.0,8.1,8.2,8.3,8.4,9.0,9.1,9.2,9.3,9.4,9.5,9.6,10,11,12,13
shadow	usename	name	7.1,7.2,7.3,7.4,8.0,8.1,8.2,8.3,8.4,9.0,9.1,9.2,9.3,9.4,9.5,9.6,10,11,12,13
shadow	userepl	bool	9.2,9.3,9.4,9.5,9.6,10,11,12,13
shadow	usesuper	bool	7.1,7.2,7.3,7.4,8.0,8.1,8.2,8.3,8.4,9.0,9.1,9.2,9.3,9.4,9.5,9.6,10,11,12,13
shadow	usesysid	int4	7.1,7.2,7.3,7.4,8.0
shadow	usesysid	oid	8.1,8.2,8.3,8.4,9.0,9.1,9.2,9.3,9.4,9.5,9.6,10,11,12,13
shadow	usetrace	bool	7.1,7.2
shadow	valuntil	abstime	7.1,7.2,7.3,7.4,8.0,8.1,8.2,8.3,8.4,9.0,9.1,9.2,9.3,9.4,9.5,9.6,10,11
shadow	valuntil	timestamptz	12,13
shdepend	classid	oid	8.1,8.2,8.3,8.4,9.0,9.1,9.2,9.3,9.4,9.5,9.6,10,11,12,13
shdepend	dbid	oid	8.1,8.2,8.3,8.4,9.0,9.1,9.2,9.3,9.4,9.5,9.6,10,11,12,13
shdepend	deptype	char	8.1,8.2,8.3,8.4,9.0,9.1,9.2,9.3,9.4,9.5,9.6,10,11,12,13
shdepend	objid	oid	8.1,8.2,8.3,8.4,9.0,9.1,9.2,9.3,9.4,9.5,9.6,10,11,12,13
shdepend	objsubid	int4	8.4,9.0,9.1,9.2,9.3,9.4,9.5,9.6,10,11,12,13
shdepend	refclassid	oid	8.1,8.2,8.3,8.4,9.0,9.1,9.2,9.3,9.4,9.5,9.6,10,11,12,13
shdepend	refobjid	oid	8.1,8.2,8.3,8.4,9.0,9.1,9.2,9.3,9.4,9.5,9.6,10,11,12,13
shdescription	classoid	oid	8.2,8.3,8.4,9.0,9.1,9.2,9.3,9.4,9.5,9.6,10,11,12,13
shdescription	description	text	8.2,8.3,8.4,9.0,9.1,9.2,9.3,9.4,9.5,9.6,10,11,12,13
shdescription	objoid	oid	8.2,8.3,8.4,9.0,9.1,9.2,9.3,9.4,9.5,9.6,10,11,12,13
shmem_allocations	allocated_size	int8	13
shmem_allocations	name	text	13
shmem_allocations	off	int8	13
shmem_allocations	size	int8	13
shseclabel	classoid	oid	9.2,9.3,9.4,9.5,9.6,10,11,12,13
shseclabel	label	text	9.2,9.3,9.4,9.5,9.6,10,11,12,13
shseclabel	objoid	oid	9.2,9.3,9.4,9.5,9.6,10,11,12,13
shseclabel	provider	text	9.2,9.3,9.4,9.5,9.6,10,11,12,13
statistic	staattnum	int2	7.2,7.3,7.4,8.0,8.1,8.2,8.3,8.4,9.0,9.1,9.2,9.3,9.4,9.5,9.6,10,11,12,13
statistic	stacollN	oid	12,13
statistic	stadistinct	float4	7.2,7.3,7.4,8.0,8.1,8.2,8.3,8.4,9.0,9.1,9.2,9.3,9.4,9.5,9.6,10,11,12,13
statistic	stainherit	bool	9.0,9.1,9.2,9.3,9.4,9.5,9.6,10,11,12,13
statistic	stakindN	int2	7.2,7.3,7.4,8.0,8.1,8.2,8.3,8.4,9.0,9.1,9.2,9.3,9.4,9.5,9.6,10,11,12,13
statistic	stanullfrac	float4	7.2,7.3,7.4,8.0,8.1,8.2,8.3,8.4,9.0,9.1,9.2,9.3,9.4,9.5,9.6,10,11,12,13
statistic	stanumbersN	float4[]	7.2,7.3,7.4,8.0,8.1,8.2,8.3,8.4,9.0,9.1,9.2,9.3,9.4,9.5,9.6,10,11,12,13
statistic	staopN	oid	7.2,7.3,7.4,8.0,8.1,8.2,8.3,8.4,9.0,9.1,9.2,9.3,9.4,9.5,9.6,10,11,12,13
statistic	starelid	oid	7.2,7.3,7.4,8.0,8.1,8.2,8.3,8.4,9.0,9.1,9.2,9.3,9.4,9.5,9.6,10,11,12,13
statistic	stavaluesN	anyarray	7.4,8.0,8.1,8.2,8.3,8.4,9.0,9.1,9.2,9.3,9.4,9.5,9.6,10,11,12,13
statistic	stavaluesN	text[]	7.2,7.3
statistic	stawidth	int4	7.2,7.3,7.4,8.0,8.1,8.2,8.3,8.4,9.0,9.1,9.2,9.3,9.4,9.5,9.6,10,11,12,13
statistic_ext	oid	oid	13
statistic_ext	stxdependencies	pg_dependencies	10,11
statistic_ext	stxkeys	int2vector	10,11,12,13
statistic_ext	stxkind	char[]	10,11,12,13
statistic_ext	stxname	name	10,11,12,13
statistic_ext	stxnamespace	oid	10,11,12,13
statistic_ext	stxndistinct	pg_ndistinct	10,11
statistic_ext	stxowner	oid	10,11,12,13
statistic_ext	stxrelid	oid	10,11,12,13
statistic_ext	stxstattarget	int4	13
statistic_ext-data	stxddependencies	pg_dependencies	12,13
statistic_ext-data	stxdmcv	pg_mcv_list	12,13
statistic_ext-data	stxdndistinct	pg_ndistinct	12,13
statistic_ext-data	stxoid	oid	12,13
stats	attname	name	7.4,8.0,8.1,8.2,8.3,8.4,9.0,9.1,9.2,9.3,9.4,9.5,9.6,10,11,12,13
stats	avg_width	int4	13
stats	avg_width	integer	7.4,8.0,8.1,8.2,8.3,8.4,9.0,9.1,9.2,9.3,9.4,9.5,9.6,10,11,12
stats	correlation	float4	13
stats	correlation	real	7.4,8.0,8.1,8.2,8.3,8.4,9.0,9.1,9.2,9.3,9.4,9.5,9.6,10,11,12
stats	elem_count_histogram	float4[]	13
stats	elem_count_histogram	real[]	9.2,9.3,9.4,9.5,9.6,10,11,12
stats	histogram_bounds	anyarray	7.4,8.0,8.1,8.2,8.3,8.4,9.0,9.1,9.2,9.3,9.4,9.5,9.6,10,11,12,13
stats	inherited	bool	9.0,9.1,9.2,9.3,9.4,9.5,9.6,10,11,12,13
stats	most_common_elem_freqs	float4[]	13
stats	most_common_elem_freqs	real[]	9.2,9.3,9.4,9.5,9.6,10,11,12
stats	most_common_elems	anyarray	9.2,9.3,9.4,9.5,9.6,10,11,12,13
stats	most_common_freqs	float4[]	13
stats	most_common_freqs	real[]	7.4,8.0,8.1,8.2,8.3,8.4,9.0,9.1,9.2,9.3,9.4,9.5,9.6,10,11,12
stats	most_common_vals	anyarray	7.4,8.0,8.1,8.2,8.3,8.4,9.0,9.1,9.2,9.3,9.4,9.5,9.6,10,11,12,13
stats	n_distinct	float4	13
stats	n_distinct	real	7.4,8.0,8.1,8.2,8.3,8.4,9.0,9.1,9.2,9.3,9.4,9.5,9.6,10,11,12
stats	null_frac	float4	13
stats	null_frac	real	7.4,8.0,8.1,8.2,8.3,8.4,9.0,9.1,9.2,9.3,9.4,9.5,9.6,10,11,12
stats	schemaname	name	7.4,8.0,8.1,8.2,8.3,8.4,9.0,9.1,9.2,9.3,9.4,9.5,9.6,10,11,12,13
stats	tablename	name	7.4,8.0,8.1,8.2,8.3,8.4,9.0,9.1,9.2,9.3,9.4,9.5,9.6,10,11,12,13
stats_ext	attnames	name[]	12,13
stats_ext	dependencies	pg_dependencies	12,13
stats_ext	kinds	char[]	13
stats_ext	kinds	text[]	12
stats_ext	most_common_base_freqs	float8[]	13
stats_ext	most_common_base_freqs	real[]	12
stats_ext	most_common_freqs	float8[]	13
stats_ext	most_common_freqs	real[]	12
stats_ext	most_common_val_nulls	anyarray	12
stats_ext	most_common_val_nulls	bool[]	13
stats_ext	most_common_vals	anyarray	12
stats_ext	most_common_vals	text[]	13
stats_ext	n_distinct	pg_ndistinct	12,13
stats_ext	schemaname	name	12,13
stats_ext	statistics_name	name	12,13
stats_ext	statistics_owner	name	13
stats_ext	statistics_owner	oid	12
stats_ext	statistics_schemaname	name	12,13
stats_ext	tablename	name	12,13
subscription	oid	oid	10,11,12,13
subscription	subconninfo	text	10,11,12,13
subscription	subdbid	oid	10,11,12,13
subscription	subenabled	bool	10,11,12,13
subscription	subname	name	10,11,12,13
subscription	subowner	oid	10,11,12,13
subscription	subpublications	text[]	10,11,12,13
subscription	subslotname	name	10,11,12,13
subscription	subsynccommit	text	10,11,12,13
subscription_rel	srrelid	oid	10,11,12,13
subscription_rel	srsubid	oid	10,11,12,13
subscription_rel	srsublsn	pg_lsn	10,11,12,13
subscription_rel	srsubstate	char	10,11,12,13
tables	hasindexes	bool	13
tables	hasindexes	boolean	7.4,8.0,8.1,8.2,8.3,8.4,9.0,9.1,9.2,9.3,9.4,9.5,9.6,10,11,12
tables	hasrules	bool	13
tables	hasrules	boolean	7.4,8.0,8.1,8.2,8.3,8.4,9.0,9.1,9.2,9.3,9.4,9.5,9.6,10,11,12
tables	hastriggers	bool	13
tables	hastriggers	boolean	7.4,8.0,8.1,8.2,8.3,8.4,9.0,9.1,9.2,9.3,9.4,9.5,9.6,10,11,12
tables	rowsecurity	bool	13
tables	rowsecurity	boolean	9.5,9.6,10,11,12
tables	schemaname	name	7.4,8.0,8.1,8.2,8.3,8.4,9.0,9.1,9.2,9.3,9.4,9.5,9.6,10,11,12,13
tables	tablename	name	7.4,8.0,8.1,8.2,8.3,8.4,9.0,9.1,9.2,9.3,9.4,9.5,9.6,10,11,12,13
tables	tableowner	name	7.4,8.0,8.1,8.2,8.3,8.4,9.0,9.1,9.2,9.3,9.4,9.5,9.6,10,11,12,13
tables	tablespace	name	8.0,8.1,8.2,8.3,8.4,9.0,9.1,9.2,9.3,9.4,9.5,9.6,10,11,12,13
tablespace	oid	oid	9.3,9.4,9.5,9.6,10,11,12,13
tablespace	spcacl	aclitem[]	8.0,8.1,8.2,8.3,8.4,9.0,9.1,9.2,9.3,9.4,9.5,9.6,10,11,12,13
tablespace	spclocation	text	8.0,8.1,8.2,8.3,8.4,9.0,9.1
tablespace	spcname	name	8.0,8.1,8.2,8.3,8.4,9.0,9.1,9.2,9.3,9.4,9.5,9.6,10,11,12,13
tablespace	spcoptions	text[]	9.0,9.1,9.2,9.3,9.4,9.5,9.6,10,11,12,13
tablespace	spcowner	int4	8.0
tablespace	spcowner	oid	8.1,8.2,8.3,8.4,9.0,9.1,9.2,9.3,9.4,9.5,9.6,10,11,12,13
timezone_abbrevs	abbrev	text	8.2,8.3,8.4,9.0,9.1,9.2,9.3,9.4,9.5,9.6,10,11,12,13
timezone_abbrevs	is_dst	bool	13
timezone_abbrevs	is_dst	boolean	8.2,8.3,8.4,9.0,9.1,9.2,9.3,9.4,9.5,9.6,10,11,12
timezone_abbrevs	utc_offset	interval	8.2,8.3,8.4,9.0,9.1,9.2,9.3,9.4,9.5,9.6,10,11,12,13
timezone_names	abbrev	text	8.2,8.3,8.4,9.0,9.1,9.2,9.3,9.4,9.5,9.6,10,11,12,13
timezone_names	is_dst	bool	13
timezone_names	is_dst	boolean	8.2,8.3,8.4,9.0,9.1,9.2,9.3,9.4,9.5,9.6,10,11,12
timezone_names	name	text	8.2,8.3,8.4,9.0,9.1,9.2,9.3,9.4,9.5,9.6,10,11,12,13
timezone_names	utc_offset	interval	8.2,8.3,8.4,9.0,9.1,9.2,9.3,9.4,9.5,9.6,10,11,12,13
transform	oid	oid	13
transform	trffromsql	regproc	9.5,9.6,10,11,12,13
transform	trflang	oid	9.5,9.6,10,11,12,13
transform	trftosql	regproc	9.5,9.6,10,11,12,13
transform	trftype	oid	9.5,9.6,10,11,12,13
trigger	oid	oid	9.3,9.4,9.5,9.6,10,11,12,13
trigger	tgargs	bytea	7.2,7.3,7.4,8.0,8.1,8.2,8.3,8.4,9.0,9.1,9.2,9.3,9.4,9.5,9.6,10,11,12,13
trigger	tgattr	int2vector	7.2,7.3,7.4,8.0,8.1,8.2,8.3,8.4,9.0,9.1,9.2,9.3,9.4,9.5,9.6,10,11,12,13
trigger	tgconstraint	oid	8.3,8.4,9.0,9.1,9.2,9.3,9.4,9.5,9.6,10,11,12,13
trigger	tgconstrindid	oid	9.0,9.1,9.2,9.3,9.4,9.5,9.6,10,11,12,13
trigger	tgconstrname	name	7.2,7.3,7.4,8.0,8.1,8.2,8.3,8.4
trigger	tgconstrrelid	oid	7.2,7.3,7.4,8.0,8.1,8.2,8.3,8.4,9.0,9.1,9.2,9.3,9.4,9.5,9.6,10,11,12,13
trigger	tgdeferrable	bool	7.2,7.3,7.4,8.0,8.1,8.2,8.3,8.4,9.0,9.1,9.2,9.3,9.4,9.5,9.6,10,11,12,13
trigger	tgenabled	bool	7.2,7.3,7.4,8.0,8.1,8.2
trigger	tgenabled	char	8.3,8.4,9.0,9.1,9.2,9.3,9.4,9.5,9.6,10,11,12,13
trigger	tgfoid	oid	7.2,7.3,7.4,8.0,8.1,8.2,8.3,8.4,9.0,9.1,9.2,9.3,9.4,9.5,9.6,10,11,12,13
trigger	tginitdeferred	bool	7.2,7.3,7.4,8.0,8.1,8.2,8.3,8.4,9.0,9.1,9.2,9.3,9.4,9.5,9.6,10,11,12,13
trigger	tgisconstraint	bool	7.2,7.3,7.4,8.0,8.1,8.2,8.3,8.4
trigger	tgisinternal	bool	9.0,9.1,9.2,9.3,9.4,9.5,9.6,10,11,12,13
trigger	tgname	name	7.2,7.3,7.4,8.0,8.1,8.2,8.3,8.4,9.0,9.1,9.2,9.3,9.4,9.5,9.6,10,11,12,13
trigger	tgnargs	int2	7.2,7.3,7.4,8.0,8.1,8.2,8.3,8.4,9.0,9.1,9.2,9.3,9.4,9.5,9.6,10,11,12,13
trigger	tgnewtable	name	10,11,12,13
trigger	tgoldtable	name	10,11,12,13
trigger	tgparentid	oid	13
trigger	tgqual	pg_node_tree	9.1,9.2,9.3,9.4,9.5,9.6,10,11,12,13
trigger	tgqual	text	9.0
trigger	tgrelid	oid	7.2,7.3,7.4,8.0,8.1,8.2,8.3,8.4,9.0,9.1,9.2,9.3,9.4,9.5,9.6,10,11,12,13
trigger	tgtype	int2	7.2,7.3,7.4,8.0,8.1,8.2,8.3,8.4,9.0,9.1,9.2,9.3,9.4,9.5,9.6,10,11,12,13
ts_config	cfgname	name	8.3,8.4,9.0,9.1,9.2,9.3,9.4,9.5,9.6,10,11,12,13
ts_config	cfgnamespace	oid	8.3,8.4,9.0,9.1,9.2,9.3,9.4,9.5,9.6,10,11,12,13
ts_config	cfgowner	oid	8.3,8.4,9.0,9.1,9.2,9.3,9.4,9.5,9.6,10,11,12,13
ts_config	cfgparser	oid	8.3,8.4,9.0,9.1,9.2,9.3,9.4,9.5,9.6,10,11,12,13
ts_config	oid	oid	9.3,9.4,9.5,9.6,10,11,12,13
ts_config-map	mapcfg	oid	8.3,8.4,9.0,9.1,9.2,9.3,9.4,9.5,9.6,10,11,12,13
ts_config-map	mapdict	oid	8.3,8.4,9.0,9.1,9.2,9.3,9.4,9.5,9.6,10,11,12,13
ts_config-map	mapseqno	int4	13
ts_config-map	mapseqno	integer	8.3,8.4,9.0,9.1,9.2,9.3,9.4,9.5,9.6,10,11,12
ts_config-map	maptokentype	int4	13
ts_config-map	maptokentype	integer	8.3,8.4,9.0,9.1,9.2,9.3,9.4,9.5,9.6,10,11,12
ts_dict	dictinitoption	text	8.3,8.4,9.0,9.1,9.2,9.3,9.4,9.5,9.6,10,11,12,13
ts_dict	dictname	name	8.3,8.4,9.0,9.1,9.2,9.3,9.4,9.5,9.6,10,11,12,13
ts_dict	dictnamespace	oid	8.3,8.4,9.0,9.1,9.2,9.3,9.4,9.5,9.6,10,11,12,13
ts_dict	dictowner	oid	8.3,8.4,9.0,9.1,9.2,9.3,9.4,9.5,9.6,10,11,12,13
ts_dict	dicttemplate	oid	8.3,8.4,9.0,9.1,9.2,9.3,9.4,9.5,9.6,10,11,12,13
ts_dict	oid	oid	9.3,9.4,9.5,9.6,10,11,12,13
ts_parser	oid	oid	9.3,9.4,9.5,9.6,10,11,12,13
ts_parser	prsend	regproc	8.3,8.4,9.0,9.1,9.2,9.3,9.4,9.5,9.6,10,11,12,13
ts_parser	prsheadline	regproc	8.3,8.4,9.0,9.1,9.2,9.3,9.4,9.5,9.6,10,11,12,13
ts_parser	prslextype	regproc	8.3,8.4,9.0,9.1,9.2,9.3,9.4,9.5,9.6,10,11,12,13
ts_parser	prsname	name	8.3,8.4,9.0,9.1,9.2,9.3,9.4,9.5,9.6,10,11,12,13
ts_parser	prsnamespace	oid	8.3,8.4,9.0,9.1,9.2,9.3,9.4,9.5,9.6,10,11,12,13
ts_parser	prsstart	regproc	8.3,8.4,9.0,9.1,9.2,9.3,9.4,9.5,9.6,10,11,12,13
ts_parser	prstoken	regproc	8.3,8.4,9.0,9.1,9.2,9.3,9.4,9.5,9.6,10,11,12,13
ts_template	oid	oid	9.3,9.4,9.5,9.6,10,11,12,13
ts_template	tmplinit	regproc	8.3,8.4,9.0,9.1,9.2,9.3,9.4,9.5,9.6,10,11,12,13
ts_template	tmpllexize	regproc	8.3,8.4,9.0,9.1,9.2,9.3,9.4,9.5,9.6,10,11,12,13
ts_template	tmplname	name	8.3,8.4,9.0,9.1,9.2,9.3,9.4,9.5,9.6,10,11,12,13
ts_template	tmplnamespace	oid	8.3,8.4,9.0,9.1,9.2,9.3,9.4,9.5,9.6,10,11,12,13
type	oid	oid	9.3,9.4,9.5,9.6,10,11,12,13
type	typacl	aclitem[]	9.2,9.3,9.4,9.5,9.6,10,11,12,13
type	typalign	char	7.1,7.2,7.3,7.4,8.0,8.1,8.2,8.3,8.4,9.0,9.1,9.2,9.3,9.4,9.5,9.6,10,11,12,13
type	typanalyze	regproc	8.0,8.1,8.2,8.3,8.4,9.0,9.1,9.2,9.3,9.4,9.5,9.6,10,11,12,13
type	typarray	oid	8.3,8.4,9.0,9.1,9.2,9.3,9.4,9.5,9.6,10,11,12,13
type	typbasetype	oid	7.3,7.4,8.0,8.1,8.2,8.3,8.4,9.0,9.1,9.2,9.3,9.4,9.5,9.6,10,11,12,13
type	typbyval	bool	7.1,7.2,7.3,7.4,8.0,8.1,8.2,8.3,8.4,9.0,9.1,9.2,9.3,9.4,9.5,9.6,10,11,12,13
type	typcategory	char	8.4,9.0,9.1,9.2,9.3,9.4,9.5,9.6,10,11,12,13
type	typcollation	oid	9.1,9.2,9.3,9.4,9.5,9.6,10,11,12,13
type	typdefault	text	7.1,7.2,7.3,7.4,8.0,8.1,8.2,8.3,8.4,9.0,9.1,9.2,9.3,9.4,9.5,9.6,10,11,12,13
type	typdefaultbin	pg_node_tree	9.1,9.2,9.3,9.4,9.5,9.6,10,11,12,13
type	typdefaultbin	text	7.3,7.4,8.0,8.1,8.2,8.3,8.4,9.0
type	typdelim	char	7.1,7.2,7.3,7.4,8.0,8.1,8.2,8.3,8.4,9.0,9.1,9.2,9.3,9.4,9.5,9.6,10,11,12,13
type	typelem	oid	7.1,7.2,7.3,7.4,8.0,8.1,8.2,8.3,8.4,9.0,9.1,9.2,9.3,9.4,9.5,9.6,10,11,12,13
type	typinput	regproc	7.1,7.2,7.3,7.4,8.0,8.1,8.2,8.3,8.4,9.0,9.1,9.2,9.3,9.4,9.5,9.6,10,11,12,13
type	typisdefined	bool	7.1,7.2,7.3,7.4,8.0,8.1,8.2,8.3,8.4,9.0,9.1,9.2,9.3,9.4,9.5,9.6,10,11,12,13
type	typispreferred	bool	8.4,9.0,9.1,9.2,9.3,9.4,9.5,9.6,10,11,12,13
type	typlen	int2	7.1,7.2,7.3,7.4,8.0,8.1,8.2,8.3,8.4,9.0,9.1,9.2,9.3,9.4,9.5,9.6,10,11,12,13
type	typmodin	regproc	8.3,8.4,9.0,9.1,9.2,9.3,9.4,9.5,9.6,10,11,12,13
type	typmodout	regproc	8.3,8.4,9.0,9.1,9.2,9.3,9.4,9.5,9.6,10,11,12,13
type	typname	name	7.1,7.2,7.3,7.4,8.0,8.1,8.2,8.3,8.4,9.0,9.1,9.2,9.3,9.4,9.5,9.6,10,11,12,13
type	typnamespace	oid	7.3,7.4,8.0,8.1,8.2,8.3,8.4,9.0,9.1,9.2,9.3,9.4,9.5,9.6,10,11,12,13
type	typndims	int4	7.3,7.4,8.0,8.1,8.2,8.3,8.4,9.0,9.1,9.2,9.3,9.4,9.5,9.6,10,11,12,13
type	typnotnull	bool	7.3,7.4,8.0,8.1,8.2,8.3,8.4,9.0,9.1,9.2,9.3,9.4,9.5,9.6,10,11,12,13
type	typoutput	regproc	7.1,7.2,7.3,7.4,8.0,8.1,8.2,8.3,8.4,9.0,9.1,9.2,9.3,9.4,9.5,9.6,10,11,12,13
type	typowner	int4	7.1,7.2,7.3,7.4,8.0
type	typowner	oid	8.1,8.2,8.3,8.4,9.0,9.1,9.2,9.3,9.4,9.5,9.6,10,11,12,13
type	typprtlen	int2	7.1,7.2
type	typreceive	regproc	7.1,7.2,7.4,8.0,8.1,8.2,8.3,8.4,9.0,9.1,9.2,9.3,9.4,9.5,9.6,10,11,12,13
type	typrelid	oid	7.1,7.2,7.3,7.4,8.0,8.1,8.2,8.3,8.4,9.0,9.1,9.2,9.3,9.4,9.5,9.6,10,11,12,13
type	typsend	regproc	7.1,7.2,7.4,8.0,8.1,8.2,8.3,8.4,9.0,9.1,9.2,9.3,9.4,9.5,9.6,10,11,12,13
type	typstorage	char	7.1,7.2,7.3,7.4,8.0,8.1,8.2,8.3,8.4,9.0,9.1,9.2,9.3,9.4,9.5,9.6,10,11,12,13
type	typtype	char	7.1,7.2,7.3,7.4,8.0,8.1,8.2,8.3,8.4,9.0,9.1,9.2,9.3,9.4,9.5,9.6,10,11,12,13
type	typtypmod	int4	7.3,7.4,8.0,8.1,8.2,8.3,8.4,9.0,9.1,9.2,9.3,9.4,9.5,9.6,10,11,12,13
user	passwd	text	7.4,8.0,8.1,8.2,8.3,8.4,9.0,9.1,9.2,9.3,9.4,9.5,9.6,10,11,12,13
user	usebypassrls	bool	9.5,9.6,10,11,12,13
user	usecatupd	bool	7.4,8.0,8.1,8.2,8.3,8.4,9.0,9.1,9.2,9.3,9.4
user	useconfig	text[]	7.4,8.0,8.1,8.2,8.3,8.4,9.0,9.1,9.2,9.3,9.4,9.5,9.6,10,11,12,13
user	usecreatedb	bool	7.4,8.0,8.1,8.2,8.3,8.4,9.0,9.1,9.2,9.3,9.4,9.5,9.6,10,11,12,13
user	usename	name	7.4,8.0,8.1,8.2,8.3,8.4,9.0,9.1,9.2,9.3,9.4,9.5,9.6,10,11,12,13
user	userepl	bool	9.2,9.3,9.4,9.5,9.6,10,11,12,13
user	usesuper	bool	7.4,8.0,8.1,8.2,8.3,8.4,9.0,9.1,9.2,9.3,9.4,9.5,9.6,10,11,12,13
user	usesysid	int4	7.4,8.0,8.1,8.2,8.3,8.4,9.0,9.1
user	usesysid	oid	9.2,9.3,9.4,9.5,9.6,10,11,12,13
user	valuntil	abstime	7.4,8.0,8.1,8.2,8.3,8.4,9.0,9.1,9.2,9.3,9.4,9.5,9.6,10,11
user	valuntil	timestamptz	12,13
user_mapping	oid	oid	9.3,9.4,9.5,9.6,10,11,12,13
user_mapping	umoptions	text[]	8.4,9.0,9.1,9.2,9.3,9.4,9.5,9.6,10,11,12,13
user_mapping	umserver	oid	8.4,9.0,9.1,9.2,9.3,9.4,9.5,9.6,10,11,12,13
user_mapping	umuser	oid	8.4,9.0,9.1,9.2,9.3,9.4,9.5,9.6,10,11,12,13
user_mappings	srvid	oid	8.4,9.0,9.1,9.2,9.3,9.4,9.5,9.6,10,11,12,13
user_mappings	srvname	name	9.2,9.3,9.4,9.5,9.6,10,11,12,13
user_mappings	srvname	text	8.4,9.0,9.1
user_mappings	umid	oid	8.4,9.0,9.1,9.2,9.3,9.4,9.5,9.6,10,11,12,13
user_mappings	umoptions	text[]	8.4,9.0,9.1,9.2,9.3,9.4,9.5,9.6,10,11,12,13
user_mappings	umuser	oid	8.4,9.0,9.1,9.2,9.3,9.4,9.5,9.6,10,11,12,13
user_mappings	usename	name	8.4,9.0,9.1,9.2,9.3,9.4,9.5,9.6,10,11,12,13
views	definition	text	7.4,8.0,8.1,8.2,8.3,8.4,9.0,9.1,9.2,9.3,9.4,9.5,9.6,10,11,12,13
views	schemaname	name	7.4,8.0,8.1,8.2,8.3,8.4,9.0,9.1,9.2,9.3,9.4,9.5,9.6,10,11,12,13
views	viewname	name	7.4,8.0,8.1,8.2,8.3,8.4,9.0,9.1,9.2,9.3,9.4,9.5,9.6,10,11,12,13
views	viewowner	name	7.4,8.0,8.1,8.2,8.3,8.4,9.0,9.1,9.2,9.3,9.4,9.5,9.6,10,11,12,13